fecha,base_monetaria,brecha_usd,cer,inflacion,leliq,reservas,tasa_depositos_30_dias,tasa_pase_pasivas_1_dia,usd_general,usd_minorista,usd_oficial,uva
2010-06-30,126897.23809523809,2.1130238095238094,2.5038199999999997,0.7,,49189.52380952381,9.041904761904762,9.0,4.010909090909091,3.956666666666667,3.927142857142857,
2010-07-31,133899.19047619047,1.8612285714285715,2.522422580645161,0.8,,50479.142857142855,9.187142857142858,9.0,4.0062500000000005,3.962380952380952,3.9342857142857146,
2010-08-31,135670.95238095237,1.8419619047619047,2.5415,0.7,,50193.666666666664,9.27142857142857,9.0,4.008977272727273,3.9657142857142857,3.9361904761904762,
2010-09-30,137986.13636363635,1.428731818181818,2.56135,0.7,,50928.045454545456,9.437727272727273,9.0,4.009204545454545,3.9795454545454545,3.952727272727273,
2010-10-31,142075.1052631579,1.691957894736842,2.580183870967742,0.8,,51608.57894736842,9.32684210526316,9.0,4.024125,3.987368421052632,3.9584210526315786,
2010-11-30,145338.04761904763,1.8932999999999998,2.599893333333333,0.7,,52216.666666666664,9.383809523809523,9.0,4.042261904761905,3.9961904761904763,3.967142857142857,
2010-12-31,155886.2,2.287595,2.620751612903226,0.8,,52137.9,9.566500000000001,9.0,4.069,4.0104999999999995,3.978,
2011-01-31,162963.0,3.890685714285714,2.6408870967741938,0.7,,52374.52380952381,9.534285714285714,9.0,4.135833333333333,4.014285714285714,3.9809523809523806,
2011-02-28,162469.7,3.13913,2.662064285714286,0.7,,52434.45,9.314,9.0,4.14775,4.0525,4.0215,
2011-03-31,164307.63157894736,2.8193105263157894,2.6815193548387097,0.8,,52189.89473684211,9.301578947368421,9.0,4.150657894736842,4.066315789473684,4.036842105263158,
2011-04-30,167793.15789473685,3.51601052631579,2.702246666666667,0.8,,51641.57894736842,9.470526315789474,9.0,4.207763157894737,4.095789473684211,4.064736842105264,
2011-05-31,171579.33333333334,5.3240380952380955,2.724909677419355,0.7,,51982.90476190476,9.741428571428571,9.0,4.302261904761904,4.1223809523809525,4.084761904761905,
2011-06-30,176953.61904761905,4.675138095238095,2.7467933333333336,0.7,,52079.666666666664,9.692380952380953,9.0,4.286190476190477,4.134285714285714,4.094761904761905,
2011-07-31,186289.19047619047,4.1003,2.766829032258064,0.8,,51850.47619047619,9.827142857142857,9.0,4.296904761904762,4.164285714285715,4.1276190476190475,
2011-08-31,189070.4090909091,4.696968181818182,2.7873516129032256,0.8,,50465.40909090909,10.303636363636365,9.0,4.365,4.203181818181818,4.169090909090909,
2011-09-30,190643.9090909091,5.602922727272728,2.80984,0.8,,49380.63636363636,10.218181818181819,9.0,4.4381818181818184,4.250454545454546,4.202727272727273,
2011-10-31,191981.8,5.17132,2.8332451612903227,0.6,,48001.35,12.913,9.0,4.440375,4.264,4.2219999999999995,
2011-11-30,196006.57142857142,12.244338095238096,2.855,0.6,,46492.71428571428,14.619523809523809,9.0,4.781666666666667,4.300476190476191,4.26,
2011-12-31,210825.7894736842,9.855905555555557,2.8727129032258065,0.8,,45914.73684210526,14.736842105263158,9.0,4.709722222222222,4.325263157894737,4.287894736842105,
2012-01-31,220489.66666666666,11.29585238095238,2.8921225806451614,0.9,,46557.42857142857,13.213809523809525,9.0,4.809047619047619,4.355238095238095,4.320952380952381,
2012-02-29,208812.44444444444,9.19615,2.9170344827586203,0.7,,46795.666666666664,12.515555555555556,9.0,4.746944444444445,4.382222222222222,4.347222222222222,
2012-03-31,216259.72727272726,10.08865,2.9418774193548387,0.9,,47177.77272727273,12.076363636363636,9.0,4.796590909090909,4.399090909090909,4.3568181818181815,
2012-04-30,220425.70588235295,13.4611,2.9656233333333333,0.8,,47468.23529411765,11.65529411764706,9.0,4.989117647058824,4.4411764705882355,4.397058823529412,
2012-05-31,223677.61904761905,23.609809523809524,2.992251612903226,0.8,,47407.28571428572,11.322857142857142,9.0,5.501904761904761,4.494285714285714,4.45,
2012-06-30,236778.45,32.219505,3.0170033333333333,0.7,,46600.7,11.636,9.0,5.9485,4.54,4.4990000000000006,
2012-07-31,252155.7142857143,37.62931904761905,3.040574193548387,0.8,,46650.04761904762,12.01,9.0,6.266666666666667,4.594285714285714,4.5528571428571425,
2012-08-31,258124.36363636365,36.98213181818182,3.0632645161290326,0.9,,45256.63636363636,12.279545454545454,9.0,6.315,4.652272727272727,4.61,
2012-09-30,261892.68421052632,35.335184210526315,3.0885333333333334,0.9,,45228.0,11.888947368421054,9.0,6.317894736842105,4.7094736842105265,4.6684210526315795,
2012-10-31,265125.86363636365,32.73195909090909,3.1159096774193547,0.8,,45062.22727272727,13.25090909090909,9.0,6.277727272727273,4.7695454545454545,4.7295454545454545,
2012-11-30,271626.2,32.87295,3.14301,0.9,,45314.9,13.0485,9.0,6.3740000000000006,4.8345,4.797,
2012-12-31,293100.84210526315,34.090244444444444,3.170458064516129,1.0,,44273.05263157895,13.734736842105262,9.0,6.539444444444445,4.916842105263158,4.878947368421053,
2013-01-31,298198.85714285716,48.86438571428572,3.20121935483871,1.1,,42954.71428571428,13.433333333333334,9.0,7.368095238095238,4.986666666666666,4.94904761904762,
2013-02-28,292117.76470588235,54.61289411764706,3.2355535714285715,0.5,,42152.882352941175,13.104117647058825,9.0,7.747058823529411,5.04764705882353,5.010588235294118,
2013-03-31,296306.94736842107,58.982273684210526,3.265148387096774,0.7,,41230.21052631579,13.677368421052632,9.0,8.084736842105263,5.121052631578947,5.084736842105263,
2013-04-30,297258.15,68.34728,3.2841233333333335,0.7,,40035.45,13.927000000000001,9.0,8.681000000000001,5.199,5.156000000000001,
2013-05-31,301077.13636363635,77.15320454545454,3.307851612903226,0.7,,38977.045454545456,14.510454545454547,9.0,9.280454545454544,5.278636363636363,5.24,
2013-06-30,311360.6666666667,58.338877777777775,3.33152,0.8,,38264.944444444445,14.99111111111111,9.0,8.440000000000001,5.367222222222222,5.3311111111111105,
2013-07-31,323030.86363636365,55.05846363636363,3.356106451612903,0.9,,37301.63636363636,15.355454545454545,9.0,8.437272727272727,5.4790909090909095,5.440454545454545,
2013-08-31,326941.09523809527,61.56457619047619,3.3850612903225805,0.8,,36993.80952380953,15.623809523809525,9.0,9.019047619047619,5.619047619047619,5.581428571428571,
2013-09-30,329909.8095238095,63.036819047619055,3.4154,0.8,,35641.28571428572,16.111428571428572,9.0,9.352380952380953,5.794761904761905,5.736190476190476,
2013-10-31,334633.8181818182,67.5602,3.4439451612903222,0.9,,34221.22727272727,16.450454545454548,9.0,9.798181818181819,5.889545454545455,5.847272727272727,
2013-11-30,338016.7368421053,63.69319473684211,3.473253333333333,0.9,,32206.894736842107,16.245263157894737,9.0,9.8425,6.0610526315789475,6.0142105263157895,
2013-12-31,361409.6842105263,52.69898421052632,3.504567741935484,1.4,,30589.157894736843,17.548947368421054,9.0,9.65,6.367894736842105,6.319473684210526,
2014-01-31,367683.95454545453,63.07334545454545,3.542832258064516,3.6,,29507.545454545456,18.842272727272725,9.0,11.554545454545455,7.20090909090909,7.097727272727273,
2014-02-28,346347.45,51.643755,3.6183107142857147,3.4,,27666.05,21.692,9.0,11.914,7.948,7.856,
2014-03-31,351947.3333333333,37.44531666666667,3.745693548387097,2.6,,27310.555555555555,21.825000000000003,9.0,10.901111111111112,8.003333333333334,7.9316666666666675,
2014-04-30,353400.4210526316,31.50657894736842,3.86353,1.8,,27686.052631578947,22.376842105263158,9.0,10.520526315789473,8.07736842105263,8.0,
2014-05-31,353714.55,39.477805000000004,3.953641935483871,1.4,,28403.7,21.444,9.0,11.219,8.1095,8.0425,
2014-06-30,367175.75,46.5664,4.02016,1.3,,28862.25,20.717,9.0,11.908,8.191999999999998,8.124500000000001,
2014-07-31,383292.36363636365,50.97414545454546,4.0761,1.4,,29480.409090909092,20.069090909090907,9.0,12.32,8.22090909090909,8.16,
2014-08-31,390848.35,60.933905,4.130806451612903,1.3,,28856.2,19.4565,9.0,13.386000000000001,8.3765,8.3155,
2014-09-30,395684.86363636365,76.01404090909091,4.1884966666666665,1.4,,28290.68181818182,18.88909090909091,9.0,14.818181818181818,8.491818181818182,8.418181818181818,
2014-10-31,400749.6818181818,74.32710909090909,4.244996774193548,1.2,,27586.363636363636,19.666363636363638,12.636363636363637,14.783181818181818,8.544545454545455,8.480454545454545,
2014-11-30,408524.22222222225,57.1428,4.30144,1.1,,28497.88888888889,20.07,13.0,13.385263157894736,8.576666666666666,8.51388888888889,
2014-12-31,442969.6842105263,53.216905555555556,4.353187096774194,1.0,,30119.36842105263,20.670526315789473,13.0,13.096666666666668,8.602631578947367,8.547894736842105,
2015-01-31,453011.4285714286,59.25055714285715,4.400383870967742,1.1,,31272.04761904762,19.60904761904762,13.0,13.699047619047619,8.664285714285715,8.602380952380953,
2015-02-28,450330.8888888889,51.46817222222222,4.446321428571428,0.9,,31342.944444444445,20.479444444444443,13.0,13.155555555555557,8.746111111111112,8.685555555555556,
2015-03-31,453198.1,46.25007,4.493364516129032,1.3,,31431.2,20.4965,13.0,12.838999999999999,8.841,8.779,
2015-04-30,456458.65,42.40903,4.541286666666666,1.1,,31998.8,20.563499999999998,13.0,12.625499999999999,8.927,8.8655,
2015-05-31,468573.1052631579,41.124363157894734,4.598238709677419,1.0,,33805.73684210526,20.301052631578948,13.0,12.628421052631579,9.008947368421053,8.948421052631579,
2015-06-30,487909.95454545453,43.03202272727273,4.649186666666667,1.0,,33676.40909090909,20.56772727272727,13.0,12.93409090909091,9.104090909090909,9.042272727272728,
2015-07-31,517334.86363636365,55.66878181818181,4.696122580645161,1.3,,33875.0,20.731363636363636,14.136363636363637,14.233181818181817,9.206818181818182,9.142272727272728,
2015-08-31,527233.85,64.835905,4.7474,1.2,,33712.95,21.229,18.0,15.2375,9.311499999999999,9.243500000000001,
2015-09-30,532933.4090909091,68.22266818181818,4.8078666666666665,1.2,,33433.09090909091,21.453636363636363,18.0,15.754545454545456,9.43590909090909,9.365,
2015-10-31,544292.7142857143,67.23020476190476,4.864470967741935,1.1,,27916.904761904763,21.64095238095238,18.571428571428573,15.87,9.562857142857142,9.49,
2015-11-30,560081.4210526316,57.41785789473684,4.92063,2.0,,26175.052631578947,23.687368421052632,21.0,15.153,9.700526315789475,9.626842105263158,
2015-12-31,622699.6,30.545405263157896,4.989258064516129,3.9,,24823.85,26.1065,20.7,14.453684210526315,11.628499999999999,11.4295,
2016-01-31,601463.15,5.195125,5.088222580645161,4.1,,25750.4,25.017000000000003,18.0,14.361500000000001,13.894499999999999,13.6555,
2016-02-29,563841.2105263158,1.0261736842105262,5.250093103448276,2.7,,29365.842105263157,24.181578947368422,18.36842105263158,14.967894736842105,15.02736842105263,14.81421052631579,
2016-03-31,584929.0476190476,4.007142857142857,5.4641032258064515,3.0,,28764.95238095238,27.035238095238096,28.61904761904762,15.553333333333333,15.183809523809524,14.96238095238095,14.05
2016-04-30,582016.619047619,3.376042857142857,5.6390633333333335,3.4,,30937.238095238095,27.65047619047619,30.0,14.895238095238096,14.658095238095237,14.40952380952381,14.222666666666667
2016-05-31,585480.2380952381,3.5387190476190478,5.803564516129033,4.2,,31563.095238095237,28.31142857142857,30.0,14.636190476190476,14.394285714285715,14.136666666666667,14.633225806451613
2016-06-30,619259.75,2.92248,5.99251,3.1,,31375.2,26.814,28.4125,14.547999999999998,14.41,14.141,15.106333333333334
2016-07-31,670619.7,2.1970199999999998,6.219329032258064,2.0,,33360.1,24.482499999999998,26.075,15.236500000000001,15.1465,14.91,15.678387096774193
2016-08-31,676634.8636363636,3.7322681818181818,6.408874193548388,0.2,,32144.636363636364,22.989545454545453,25.193181818181817,15.40318181818182,15.092272727272727,14.849545454545455,16.163225806451614
2016-09-30,680829.0454545454,2.840040909090909,6.525053333333333,1.1,,30853.5,21.181818181818183,23.113636363636363,15.530909090909091,15.327272727272726,15.101818181818182,16.471
2016-10-31,693354.5,2.671405,6.5584354838709675,2.4,,37013.75,20.3825,22.5,15.586500000000001,15.4065,15.181000000000001,16.556451612903224
2016-11-30,719942.1904761905,2.2169714285714286,6.634506666666667,1.6,,37702.28571428572,19.55,21.94047619047619,15.679999999999998,15.56095238095238,15.34,16.740333333333332
2016-12-31,790974.9,4.661965,6.779283870967742,1.2,,37885.6,18.4725,22.075,16.564,16.071,15.828999999999999,17.101612903225806
2017-01-31,816861.9090909091,5.95345,6.889948387096775,1.3,,41108.954545454544,18.09318181818182,22.75,16.853181818181817,16.151363636363637,15.906363636363636,17.387096774193548
2017-02-28,829893.3888888889,5.294316666666667,6.973753571428571,2.5,,48234.666666666664,17.985555555555557,22.75,16.424999999999997,15.869444444444444,15.599444444444446,17.6
2017-03-31,789794.7272727273,3.4623500000000003,7.077383870967742,2.4,,51465.36363636364,17.879545454545454,22.75,16.062272727272727,15.804545454545455,15.525,17.85451612903226
2017-04-30,795641.6111111111,3.660061111111111,7.244743333333333,2.6,,50115.38888888889,17.486666666666665,23.666666666666668,15.921666666666665,15.649444444444445,15.359444444444446,18.271
2017-05-31,784815.3333333334,2.605185714285714,7.422493548387097,1.3,,47722.23809523809,17.777619047619048,24.25,16.104761904761904,15.991904761904761,15.69857142857143,18.721290322580646
2017-06-30,813702.2380952381,2.485647619047619,7.598153333333333,1.2,,45486.71428571428,18.02952380952381,24.25,16.51666666666667,16.386190476190478,16.11714285714286,19.17
2017-07-31,852738.4761904762,3.0121571428571428,7.7090387096774196,1.7,,47894.90476190476,18.17142857142857,24.25,17.687142857142856,17.459523809523812,17.168571428571425,19.45741935483871
2017-08-31,860633.8636363636,4.9676681818181825,7.806158064516129,1.4,,48267.954545454544,18.64181818181818,24.25,18.278181818181817,17.69909090909091,17.41590909090909,19.699032258064516
2017-09-30,875092.7619047619,4.0663,7.928976666666667,1.9,,50893.19047619047,19.11,24.25,17.947619047619046,17.522380952380953,17.247619047619047,20.009333333333334
2017-10-31,888307.4285714285,2.9867666666666666,8.051245161290323,1.5,,51631.619047619046,19.561904761904763,24.607142857142858,17.973809523809525,17.74857142857143,17.45285714285714,20.313870967741938
2017-11-30,906064.9,3.19956,8.19651,1.4,,54033.5,20.7665,26.55,18.051,17.767,17.491999999999997,20.680666666666664
2017-12-31,982797.6842105263,3.2192368421052633,8.325490322580645,3.1,,55599.57894736842,21.30736842105263,26.75,18.267894736842106,18.027368421052632,17.700526315789475,21.008709677419354
2018-01-31,1026718.5909090909,3.352595454545454,8.465867741935483,1.8,62189.066666666666,60661.09090909091,21.420454545454547,26.0,19.664545454545454,19.344545454545454,19.029545454545453,21.35483870967742
2018-02-28,1024489.5,1.0801888888888889,8.690389285714286,2.4,96427.16666666667,62264.77777777778,21.449444444444445,25.25,20.055,20.140555555555558,19.841666666666665,21.914285714285715
2018-03-31,1024145.45,2.279395,8.873770967741937,2.3,127250.7,61786.55,21.197,25.25,20.698,20.5435,20.237000000000002,22.386774193548387
2018-04-30,1024598.0,1.6662105263157894,9.079413333333333,2.7,124100.94736842105,61044.63157894737,21.336842105263155,25.407894736842106,20.572105263157894,20.532105263157895,20.23526315789474,22.897
2018-05-31,1026253.0476190476,2.9795857142857143,9.296154838709677,2.1,35572.619047619046,53896.23809523809,25.14428571428571,28.166666666666668,24.393809523809523,24.22190476190476,23.669999999999998,23.44451612903226
2018-06-30,1067037.2,2.400695,9.53338,3.7,7911.95,53361.2,27.3975,32.2,27.1625,27.246500000000005,26.534,24.04866666666667
2018-07-31,1113215.5714285714,3.8037428571428573,9.763293548387097,3.1,85198.33333333333,60010.90476190476,31.45380952380952,35.0,28.672857142857143,28.267142857142858,27.625238095238096,24.618709677419353
2018-08-31,1197267.3181818181,1.7576363636363637,10.0999,3.9,201492.36363636365,55854.27272727273,32.00772727272727,36.36363636363637,30.65909090909091,30.880454545454544,30.125,25.466451612903228
2018-09-30,1275411.65,-0.41076499999999994,10.426606666666666,6.5,317565.15,50208.8,38.124,50.0,38.425,39.3915,38.5905,26.288666666666664
2018-10-31,1251676.0454545454,0.4375863636363636,10.865851612903226,5.4,515980.7727272727,49110.954545454544,46.11454545454546,51.75,37.27272727272727,38.075909090909086,37.12045454545454,27.370967741935484
2018-11-30,1259749.3157894737,-1.600663157894737,11.518186666666667,3.2,640756.6315789474,52578.0,47.59789473684211,49.68421052631579,35.8375,37.485263157894735,36.46052631578947,29.004
2018-12-31,1327551.1666666667,0.3587777777777778,12.122687096774193,2.6,711927.6111111111,55628.11111111111,45.61,46.315,38.02777777777778,38.83888888888889,37.885555555555555,30.537419354838708
2019-01-31,1346581.2272727273,4.377490909090909,12.531029032258065,2.9,814037.1818181818,66196.68181818182,43.97363636363636,44.905454545454546,39.04545454545455,38.43,37.40772727272727,31.59774193548387
2019-02-28,1342322.1,-0.14601000000000003,12.857028571428572,3.8,895474.7,67010.5,36.928,37.5995,38.402499999999996,39.428,38.410000000000004,32.425357142857145
2019-03-31,1300799.5789473683,-0.1689736842105263,13.251461290322581,4.7,980260.1052631579,67955.0,39.072631578947366,50.52578947368421,41.63947368421052,42.5421052631579,41.363157894736844,33.403225806451616
2019-04-30,1327306.4736842106,2.4311157894736843,13.75659,3.4,1004835.3684210526,72446.0,46.23842105263158,59.664210526315784,44.27473684210526,44.35421052631579,43.23263157894737,34.657333333333334
2019-05-31,1341852.2727272727,2.5882045454545453,14.369016129032259,3.1,1034869.7727272727,67411.68181818182,50.25454545454545,63.45545454545454,46.095454545454544,46.08863636363637,44.934090909090905,36.21935483870968
2019-06-30,1345330.5,2.9245666666666668,14.86834,2.7,1111758.5555555555,64428.38888888889,49.94888888888889,59.538333333333334,45.06333333333333,44.955000000000005,43.79,37.483666666666664
2019-07-31,1382244.2857142857,3.3789523809523807,15.329583870967742,2.2,1207289.857142857,66401.09523809524,47.53857142857142,53.05190476190476,43.983333333333334,43.75142857142857,42.5452380952381,38.65129032258065
2019-08-31,1323978.619047619,3.9131238095238094,15.74088064516129,4.0,1245961.5714285714,62213.71428571428,52.94809523809524,60.43142857142857,54.84285714285714,54.6504761904762,52.727619047619044,39.70483870967742
2019-09-30,1349048.6666666667,8.059452380952381,16.12938,5.9,1099182.1904761905,50234.71428571428,57.51285714285714,71.41,61.05952380952381,58.79,56.50190476190476,40.67100000000001
2019-10-31,1385458.9090909092,11.92395909090909,16.79093225806452,3.3,1023776.5454545454,46590.22727272727,54.098636363636366,61.370909090909095,65.54545454545455,61.403181818181814,58.530454545454546,42.303548387096775
2019-11-30,1580776.894736842,11.88881052631579,17.67784,4.3,803192.0,43501.73684210526,45.28578947368421,55.596842105263164,66.75,63.01263157894737,59.73842105263158,44.54233333333333
2019-12-31,1715624.6842105263,20.85054210526316,18.342051612903226,3.7,736884.7368421053,44249.26315789474,41.10578947368421,53.701578947368425,72.36842105263158,63.01157894736842,59.88315789473684,46.2341935483871
2020-01-31,1689904.8181818181,29.102763636363637,19.09733870967742,2.3,1023614.3181818182,45196.5,35.025454545454544,41.08090909090909,77.47727272727273,62.98363636363636,60.01136363636363,48.14064516129032
2020-02-29,1870607.388888889,27.46161111111111,19.764858620689655,2.0,1396962.5555555555,44713.27777777778,32.260555555555555,22.72222222222222,78.19166666666666,63.580555555555556,61.34777777777778,49.83241379310345
2020-03-31,1920231.105263158,30.568542105263163,20.25054193548387,3.3,1540208.894736842,44348.47368421053,28.162105263157898,15.294736842105264,82.4342105263158,65.2,63.123684210526314,51.0758064516129
2020-04-30,2147120.7,53.50592,20.69599,1.5,1243922.1,43724.85,21.767500000000002,12.35,101.0875,67.872,65.7645,52.193
2020-05-31,2221676.4210526315,86.37636315789474,21.300916129032256,1.5,1263014.0,43074.31578947369,24.170526315789473,17.0,126.23684210526316,70.04789473684211,67.73052631578948,53.726129032258065
2020-06-30,2159027.8095238097,80.96716666666667,21.66042,2.2,1654873.238095238,43036.95238095238,29.026666666666664,19.0,125.85714285714286,72.52095238095238,69.54571428571428,54.657000000000004
2020-07-31,2315228.0,83.44348095238095,22.009532258064514,1.9,1706189.0952380951,43325.380952380954,28.682857142857145,19.0,130.95454545454547,75.32428571428571,71.47952380952381,55.528387096774196
2020-08-31,2333886.65,82.39319,22.46878387096774,2.7,1832651.55,43152.65,30.074,19.0,133.61904761904762,77.4885,73.298,56.68193548387097
2020-09-30,2317896.727272727,83.39516363636363,22.92193,2.8,1852589.2727272727,42344.681818181816,29.917727272727276,19.0,137.95454545454547,79.4309090909091,75.20363636363636,57.82533333333333
2020-10-31,2324654.5714285714,119.86025238095239,23.528664516129034,3.8,1714156.761904762,40710.333333333336,30.69238095238095,27.571428571428573,170.61904761904762,83.1347619047619,77.57047619047619,59.34032258064516
2020-11-30,2345522.4736842103,100.92577894736841,24.21085,3.2,1641081.0526315789,39160.73684210526,33.055263157894736,31.57894736842105,160.4,85.48473684210526,79.93368421052632,61.029666666666664
2020-12-31,2433023.611111111,85.24091666666666,25.090651612903226,4.0,1645108.388888889,38876.72222222222,34.25833333333333,32.0,153.11111111111111,88.18166666666667,82.64055555555555,63.24
2021-01-31,2603551.55,83.8415,25.9419,4.0,1722460.15,39641.1,34.281,32.0,158.0,91.474,85.9725,65.39903225806452
2021-02-28,2592889.277777778,68.18613888888889,26.917682142857142,3.6,1800988.6666666667,39380.666666666664,34.282222222222224,32.0,149.11111111111111,93.99777777777778,88.67777777777778,67.82678571428572
2021-03-31,2523566.590909091,57.487404545454545,28.00722258064516,4.8,1883105.8636363635,39707.86363636364,34.249545454545455,32.0,143.4090909090909,96.63590909090908,91.06863636363636,70.59451612903226
2021-04-30,2545887.45,57.45688,29.073696666666667,4.1,1979808.4,40071.1,34.161,32.0,146.25,98.526,92.86749999999999,73.26233333333333
2021-05-31,2540325.736842105,63.187678947368425,30.412770967741935,3.3,2048995.7894736843,41091.57894736842,34.19421052631579,32.0,153.55,99.61315789473684,94.10947368421053,76.6183870967742
2021-06-30,2701957.1428571427,70.04891904761905,31.63981,3.2,2028027.0952380951,42417.380952380954,34.27285714285714,32.0,162.0,100.61904761904762,95.25714285714287,79.75866666666667
2021-07-31,2864204.8571428573,84.84100952380952,32.716312903225806,3.0,2015188.1904761905,42842.80952380953,34.21904761904762,32.0,177.9047619047619,101.61904761904762,96.24142857142857,82.49064516129032
2021-08-31,2930302.1428571427,86.01221904761904,33.761364516129035,2.5,2077503.0,43493.47619047619,34.210476190476186,32.0,180.83333333333334,102.56904761904761,97.21523809523809,85.12612903225806
2021-09-30,2930527.5,87.64580454545454,34.746539999999996,3.5,2131324.8181818184,44879.181818181816,34.205,32.0,184.4318181818182,103.78181818181817,98.28590909090909,87.63666666666667
2021-10-31,3032867.736842105,90.73347368421052,35.691325806451616,3.5,2158893.3157894737,42939.42105263158,34.25,32.0,189.31578947368422,104.76684210526315,99.25105263157894,89.99064516129032
2021-11-30,3151509.523809524,99.90165238095237,36.88999666666667,2.5,2125233.904761905,42472.666666666664,34.27428571428571,32.0,200.52380952380952,105.83190476190475,100.31095238095239,92.99499999999999
2021-12-31,3383347.35,96.77348500000001,38.13904838709678,3.8,2134478.3,40627.4,34.275999999999996,32.0,200.5,107.4385,101.89,96.18129032258064
2022-01-31,3702429.095238095,103.88257142857144,39.2089935483871,3.9,2906334.904761905,38995.42857142857,36.813809523809525,32.0,212.02380952380952,109.48095238095237,103.9847619047619,98.86709677419356
2022-02-28,3766891.1578947366,101.04793684210527,40.59164642857143,4.7,3700822.263157895,37286.68421052631,38.17421052631579,32.473684210526315,213.71052631578948,111.94631578947369,106.30947368421053,102.32035714285715
2022-03-31,3663134.8095238097,84.34735238095239,42.25792258064516,6.7,4153142.1904761903,38588.47619047619,40.2,33.785714285714285,201.76190476190476,114.92095238095239,109.45952380952382,106.46774193548387
2022-04-30,3615568.8421052634,76.22716842105262,44.31647666666667,6.0,4532421.421052632,42987.63157894737,42.938947368421054,35.28947368421053,199.73684210526315,118.69526315789474,113.33526315789473,111.58833333333334
2022-05-31,3708232.95,73.51245,47.16744193548387,5.1,4979966.95,41639.1,45.182,36.825,204.35,123.20250000000001,117.77550000000001,118.7416129032258
2022-06-30,3896192.45,77.89317,49.95173,5.3,5390172.7,40867.6,47.785000000000004,38.7,218.45,127.99249999999999,122.7385,125.78333333333333
2022-07-31,4215983.047619048,126.13203809523809,52.585070967741935,7.4,5863275.666666667,40408.04761904762,50.8752380952381,44.45238095238095,290.76190476190476,135.21238095238095,128.4452380952381,132.48258064516128
2022-08-31,4298228.454545454,116.41910000000001,55.52851612903226,7.0,6029175.909090909,37142.22727272727,60.91227272727272,61.04545454545455,292.72727272727275,142.29272727272726,135.29090909090908,139.8006451612903
2022-09-30,4180569.714285714,95.85346666666666,59.43111,6.2,6510639.476190476,37232.71428571428,66.96285714285715,67.38095238095238,281.45454545454544,150.42380952380952,143.62714285714287,149.60533333333333
2022-10-31,4229952.7894736845,88.8540052631579,63.58443870967742,6.3,7238006.684210527,39088.42105263158,69.68578947368421,70.0,288.1578947368421,159.47263157894736,152.59421052631578,159.99225806451614
2022-11-30,4400164.428571428,86.13675238095239,67.55743333333334,4.9,7465777.0,37925.857142857145,69.5604761904762,70.0,301.85714285714283,169.15285714285716,162.12,170.094
2022-12-31,4821671.55,89.48364000000001,71.70550322580645,5.1,7952505.4,40820.9,70.061,70.0,327.85,179.9835,172.9045,180.55
2023-01-31,5292718.863636363,101.54578636363637,75.36324193548387,6.0,8217545.136363637,43159.86363636364,70.38454545454546,70.9090909090909,367.40909090909093,189.60772727272726,182.24454545454546,189.87354838709678
2023-02-28,5237316.222222222,97.15373333333334,79.12315714285715,6.6,8559014.944444444,39898.77777777778,70.29666666666667,72.0,378.1,199.08944444444444,191.89222222222222,199.18392857142857
2023-03-31,5166708.090909091,88.00688636363635,83.98062903225807,7.7,8929759.181818182,37943.09090909091,71.44727272727272,72.0,381.8636363636364,210.33999999999997,203.10636363636365,211.42774193548388
2023-04-30,5200756.166666667,95.03650588235294,89.58619,8.4,9618226.333333334,36971.944444444445,74.77944444444444,74.27777777777777,422.05882352941177,223.62333333333333,216.55777777777777,225.39833333333334
2023-05-31,5394247.0,107.68911,96.52574193548386,7.8,10719434.6,33545.0,89.771,88.3,480.15,241.49099999999999,231.1915,242.66129032258064
2023-06-30,5600168.8,97.160465,104.40948333333333,6.0,11644668.95,31849.9,92.7135,91.0,490.3,260.953,248.762,262.5733333333333
2023-07-31,6105240.666666667,94.70853333333334,112.41872580645162,6.3,12562957.285714285,26070.095238095237,93.00428571428571,91.0,519.047619047619,279.5938095238095,266.4652380952381,282.97516129032255
2023-08-31,6397005.409090909,108.93803181818181,119.4591,12.4,13424913.090909092,25280.227272727272,104.11272727272727,102.81818181818181,673.5454545454545,337.29227272727275,322.1359090909091,300.8109677419355
2023-09-30,6526667.857142857,111.4694619047619,127.82619,12.7,14822193.38095238,27484.95238095238,113.22380952380952,111.0,740.1428571428571,366.8752380952381,349.9995238095238,321.47433333333333
2023-10-31,7144661.05,169.095735,143.00177096774195,8.3,14075852.75,25232.3,121.756,119.25,941.9,367.421,350.0245,358.7435483870967
2023-11-30,7806569.8,170.476585,160.07122333333334,12.8,12509716.65,21398.8,128.99,126.0,957.2,371.6585,353.84399999999994,402.14099999999996
2023-12-31,9143580.684210526,77.08472631578947,175.26869677419356,25.5,3608326.210526316,21879.947368421053,120.34631578947368,109.57894736842105,990.5263157894736,687.3573684210526,641.9978947368421,440.2548387096774
2024-01-31,10250234.181818182,41.39394090909091,200.0623870967742,20.6,463636.1818181818,24328.68181818182,107.55727272727273,100.0,1157.5,863.9618181818182,818.3454545454545,500.93064516129033
2024-02-29,10475072.736842105,33.42171578947369,245.65518620689656,13.2,3709.2105263157896,26959.42105263158,107.58,100.0,1113.6842105263158,880.5984210526316,834.9142105263159,613.2944827586207
2024-03-31,10907225.105263159,19.73754736842105,295.7288870967742,,3000.0,27998.57894736842,84.44052631578947,87.36842105263158,1018.1578947368421,895.1273684210528,850.3378947368421,740.9012903225806
2024-04-30,11650031.333333334,15.303139999999999,323.36306,,,28349.0,70.0725,80.0,1019.75,905.314,862.95,807.591
