d,v
2005-06-08,3.25
2005-06-09,3.25
2005-06-10,3.25
2005-06-13,3.25
2005-06-14,3.25
2005-06-15,3.25
2005-06-16,3.25
2005-06-17,3.75
2005-06-21,3.75
2005-06-22,3.75
2005-06-23,3.75
2005-06-24,3.75
2005-06-27,3.75
2005-06-28,3.75
2005-06-29,3.75
2005-06-30,3.75
2005-07-01,3.75
2005-07-04,3.75
2005-07-05,3.75
2005-07-06,3.75
2005-07-07,3.75
2005-07-08,3.75
2005-07-11,3.75
2005-07-12,3.75
2005-07-13,3.75
2005-07-14,3.75
2005-07-15,3.75
2005-07-18,3.75
2005-07-19,3.75
2005-07-20,3.75
2005-07-21,3.75
2005-07-22,3.75
2005-07-25,3.75
2005-07-26,3.75
2005-07-27,3.75
2005-07-28,3.75
2005-07-29,3.75
2005-08-01,3.75
2005-08-02,3.75
2005-08-03,3.75
2005-08-04,3.75
2005-08-05,3.75
2005-08-08,3.75
2005-08-09,3.75
2005-08-10,3.75
2005-08-11,3.75
2005-08-12,3.75
2005-08-16,3.75
2005-08-17,3.75
2005-08-18,3.75
2005-08-19,3.75
2005-08-22,3.75
2005-08-23,3.75
2005-08-24,3.75
2005-08-25,3.75
2005-08-26,3.75
2005-08-29,3.75
2005-08-30,3.75
2005-08-31,3.75
2005-09-01,3.75
2005-09-02,3.75
2005-09-05,3.75
2005-09-06,3.75
2005-09-07,3.75
2005-09-08,3.75
2005-09-09,3.75
2005-09-12,3.75
2005-09-13,3.75
2005-09-14,3.75
2005-09-15,3.75
2005-09-16,3.75
2005-09-19,3.75
2005-09-20,3.75
2005-09-21,3.75
2005-09-22,3.75
2005-09-23,3.75
2005-09-26,3.75
2005-09-27,3.75
2005-09-28,3.75
2005-09-29,3.75
2005-09-30,3.75
2005-10-03,3.75
2005-10-04,3.75
2005-10-05,3.75
2005-10-06,3.75
2005-10-07,3.75
2005-10-11,3.75
2005-10-12,3.75
2005-10-13,3.75
2005-10-14,3.75
2005-10-17,3.75
2005-10-18,3.75
2005-10-19,3.75
2005-10-20,3.75
2005-10-21,3.75
2005-10-24,3.75
2005-10-25,3.75
2005-10-26,3.75
2005-10-27,3.75
2005-10-28,3.75
2005-10-31,4.0
2005-11-01,4.0
2005-11-02,4.0
2005-11-03,4.0
2005-11-04,4.0
2005-11-07,4.0
2005-11-08,4.0
2005-11-09,4.0
2005-11-10,4.0
2005-11-11,4.0
2005-11-14,4.0
2005-11-15,4.0
2005-11-16,4.0
2005-11-17,4.0
2005-11-18,4.0
2005-11-21,4.0
2005-11-22,4.0
2005-11-23,4.0
2005-11-24,4.0
2005-11-25,4.0
2005-11-28,4.0
2005-11-29,4.0
2005-11-30,4.0
2005-12-01,4.0
2005-12-02,4.5
2005-12-05,4.5
2005-12-06,4.5
2005-12-07,4.5
2005-12-09,4.5
2005-12-12,4.5
2005-12-13,4.5
2005-12-14,4.5
2005-12-15,4.5
2005-12-16,4.5
2005-12-19,4.5
2005-12-20,4.5
2005-12-21,4.5
2005-12-22,4.5
2005-12-23,4.5
2005-12-26,4.5
2005-12-27,4.5
2005-12-28,4.5
2005-12-29,4.5
2005-12-30,4.5
2006-01-02,4.5
2006-01-03,4.5
2006-01-04,4.5
2006-01-05,4.5
2006-01-06,4.5
2006-01-09,4.5
2006-01-10,4.5
2006-01-11,4.5
2006-01-12,4.5
2006-01-13,4.5
2006-01-16,4.5
2006-01-17,4.5
2006-01-18,4.5
2006-01-19,4.5
2006-01-20,4.5
2006-01-23,4.5
2006-01-24,4.5
2006-01-25,4.5
2006-01-26,4.5
2006-01-27,4.5
2006-01-30,4.5
2006-01-31,4.5
2006-02-01,4.5
2006-02-02,4.5
2006-02-03,4.5
2006-02-06,4.5
2006-02-07,4.5
2006-02-08,4.5
2006-02-09,4.5
2006-02-10,4.5
2006-02-13,4.5
2006-02-14,4.5
2006-02-15,4.5
2006-02-16,4.5
2006-02-17,4.5
2006-02-20,4.5
2006-02-21,4.5
2006-02-22,4.5
2006-02-23,4.5
2006-02-24,4.5
2006-02-27,4.5
2006-02-28,4.5
2006-03-01,4.5
2006-03-02,4.5
2006-03-03,4.5
2006-03-06,4.5
2006-03-07,4.5
2006-03-08,4.5
2006-03-09,4.5
2006-03-10,4.5
2006-03-13,4.5
2006-03-14,4.5
2006-03-15,4.5
2006-03-16,4.5
2006-03-17,4.5
2006-03-20,4.5
2006-03-21,4.5
2006-03-22,4.5
2006-03-23,4.5
2006-03-27,4.5
2006-03-28,4.5
2006-03-29,4.5
2006-03-30,4.5
2006-03-31,4.5
2006-04-03,4.5
2006-04-04,4.5
2006-04-05,4.5
2006-04-06,4.5
2006-04-07,4.5
2006-04-10,4.5
2006-04-11,4.5
2006-04-12,4.5
2006-04-17,4.5
2006-04-18,4.5
2006-04-19,4.5
2006-04-20,4.5
2006-04-21,4.5
2006-04-24,4.5
2006-04-25,4.5
2006-04-26,4.5
2006-04-27,4.5
2006-04-28,4.5
2006-05-02,4.5
2006-05-03,4.5
2006-05-04,4.5
2006-05-05,4.5
2006-05-08,4.5
2006-05-09,4.5
2006-05-10,4.5
2006-05-11,4.5
2006-05-12,4.5
2006-05-15,5.0
2006-05-16,5.0
2006-05-17,5.0
2006-05-18,5.0
2006-05-19,5.0
2006-05-22,5.0
2006-05-23,5.0
2006-05-24,5.0
2006-05-26,5.0
2006-05-29,5.0
2006-05-30,5.0
2006-05-31,5.0
2006-06-01,5.0
2006-06-02,5.0
2006-06-05,5.0
2006-06-06,5.0
2006-06-07,5.0
2006-06-08,5.0
2006-06-09,5.0
2006-06-12,5.25
2006-06-13,5.25
2006-06-14,5.25
2006-06-15,5.25
2006-06-16,5.25
2006-06-20,5.25
2006-06-21,5.25
2006-06-22,5.25
2006-06-23,5.25
2006-06-26,5.25
2006-06-27,5.25
2006-06-28,5.25
2006-06-29,5.25
2006-06-30,5.25
2006-07-03,5.25
2006-07-04,5.25
2006-07-05,5.25
2006-07-06,5.25
2006-07-07,5.25
2006-07-10,5.25
2006-07-11,5.25
2006-07-12,5.25
2006-07-13,5.25
2006-07-14,5.25
2006-07-17,5.25
2006-07-18,5.25
2006-07-19,5.25
2006-07-20,5.25
2006-07-21,5.25
2006-07-24,5.25
2006-07-25,5.25
2006-07-26,5.25
2006-07-27,5.25
2006-07-28,5.25
2006-07-31,5.25
2006-08-01,5.25
2006-08-02,5.25
2006-08-03,5.25
2006-08-04,5.25
2006-08-07,5.25
2006-08-08,5.25
2006-08-09,5.25
2006-08-10,5.25
2006-08-11,5.25
2006-08-14,5.25
2006-08-15,5.25
2006-08-16,5.25
2006-08-17,5.25
2006-08-18,5.25
2006-08-22,5.25
2006-08-23,5.25
2006-08-24,5.25
2006-08-25,5.25
2006-08-28,5.25
2006-08-29,5.25
2006-08-30,5.25
2006-08-31,5.25
2006-09-01,5.25
2006-09-04,5.25
2006-09-05,5.25
2006-09-06,5.25
2006-09-07,5.25
2006-09-08,5.25
2006-09-11,5.25
2006-09-12,5.25
2006-09-13,5.25
2006-09-14,5.25
2006-09-15,5.25
2006-09-18,5.25
2006-09-19,5.25
2006-09-20,5.25
2006-09-21,5.25
2006-09-22,5.25
2006-09-25,5.25
2006-09-26,5.25
2006-09-27,5.25
2006-09-28,5.25
2006-09-29,5.25
2006-10-02,5.5
2006-10-03,5.5
2006-10-04,5.5
2006-10-05,5.5
2006-10-06,5.5
2006-10-09,5.5
2006-10-10,5.5
2006-10-11,5.5
2006-10-12,5.5
2006-10-13,5.5
2006-10-17,5.5
2006-10-18,5.5
2006-10-19,5.5
2006-10-20,5.5
2006-10-23,5.5
2006-10-24,5.5
2006-10-25,5.5
2006-10-26,5.5
2006-10-27,5.5
2006-10-30,5.5
2006-10-31,5.5
2006-11-01,5.5
2006-11-02,5.75
2006-11-03,5.75
2006-11-07,5.75
2006-11-08,5.75
2006-11-09,5.75
2006-11-10,5.75
2006-11-13,5.75
2006-11-14,5.75
2006-11-15,5.75
2006-11-16,5.75
2006-11-17,5.75
2006-11-20,5.75
2006-11-21,5.75
2006-11-22,5.75
2006-11-23,5.75
2006-11-24,5.75
2006-11-27,5.75
2006-11-28,5.75
2006-11-29,5.75
2006-11-30,5.75
2006-12-01,5.75
2006-12-04,5.75
2006-12-05,5.75
2006-12-06,5.75
2006-12-07,5.75
2006-12-11,5.75
2006-12-12,5.75
2006-12-13,5.75
2006-12-14,5.75
2006-12-15,5.75
2006-12-18,5.75
2006-12-19,5.75
2006-12-20,5.75
2006-12-21,5.75
2006-12-22,5.75
2006-12-26,5.75
2006-12-27,5.75
2006-12-28,5.75
2006-12-29,5.75
2007-01-02,5.75
2007-01-03,6.25
2007-01-04,6.25
2007-01-05,6.25
2007-01-08,6.25
2007-01-09,6.25
2007-01-10,6.25
2007-01-11,6.25
2007-01-12,6.25
2007-01-15,6.25
2007-01-16,6.25
2007-01-17,6.25
2007-01-18,6.25
2007-01-19,6.25
2007-01-22,6.25
2007-01-23,6.25
2007-01-24,6.25
2007-01-25,6.25
2007-01-26,6.25
2007-01-29,6.25
2007-01-30,6.25
2007-01-31,6.25
2007-02-01,6.25
2007-02-02,6.25
2007-02-05,6.25
2007-02-06,6.25
2007-02-07,6.25
2007-02-08,6.25
2007-02-09,6.5
2007-02-12,6.5
2007-02-13,6.5
2007-02-14,6.5
2007-02-15,6.5
2007-02-16,6.5
2007-02-19,6.5
2007-02-20,6.5
2007-02-21,6.5
2007-02-22,6.5
2007-02-23,6.5
2007-02-26,6.5
2007-02-27,6.5
2007-02-28,6.5
2007-03-01,6.5
2007-03-02,6.5
2007-03-05,6.5
2007-03-06,6.5
2007-03-07,6.5
2007-03-08,6.5
2007-03-09,6.5
2007-03-12,6.5
2007-03-13,6.5
2007-03-14,6.75
2007-03-15,6.75
2007-03-16,6.75
2007-03-19,6.75
2007-03-20,6.75
2007-03-21,6.75
2007-03-22,6.75
2007-03-23,6.75
2007-03-26,6.75
2007-03-27,6.75
2007-03-28,6.75
2007-03-29,6.75
2007-03-30,6.75
2007-04-03,6.75
2007-04-04,6.75
2007-04-09,6.75
2007-04-10,6.75
2007-04-11,6.75
2007-04-12,6.75
2007-04-13,6.75
2007-04-16,6.75
2007-04-17,6.75
2007-04-18,6.75
2007-04-19,6.75
2007-04-20,6.75
2007-04-23,6.75
2007-04-24,6.75
2007-04-25,6.75
2007-04-26,6.75
2007-04-27,6.75
2007-04-30,6.75
2007-05-02,7.0
2007-05-03,7.0
2007-05-04,7.0
2007-05-07,7.0
2007-05-08,7.0
2007-05-09,7.0
2007-05-10,7.0
2007-05-11,7.0
2007-05-14,7.0
2007-05-15,7.0
2007-05-16,7.0
2007-05-17,7.0
2007-05-18,7.0
2007-05-21,7.0
2007-05-22,7.0
2007-05-23,7.0
2007-05-24,7.0
2007-05-28,7.0
2007-05-29,7.0
2007-05-30,7.0
2007-05-31,7.0
2007-06-01,7.0
2007-06-04,7.0
2007-06-05,7.0
2007-06-06,7.0
2007-06-07,7.0
2007-06-08,7.0
2007-06-11,7.0
2007-06-12,7.0
2007-06-13,7.25
2007-06-14,7.25
2007-06-15,7.25
2007-06-19,7.25
2007-06-20,7.25
2007-06-21,7.25
2007-06-22,7.25
2007-06-25,7.25
2007-06-26,7.25
2007-06-27,7.25
2007-06-28,7.25
2007-06-29,7.25
2007-07-02,7.25
2007-07-03,7.25
2007-07-04,7.25
2007-07-05,7.25
2007-07-06,7.25
2007-07-10,7.25
2007-07-11,7.25
2007-07-12,7.25
2007-07-13,7.25
2007-07-16,7.25
2007-07-17,7.25
2007-07-18,7.25
2007-07-19,7.5
2007-07-20,7.5
2007-07-23,7.5
2007-07-24,7.5
2007-07-25,7.5
2007-07-26,7.5
2007-07-27,7.5
2007-07-30,7.5
2007-07-31,7.5
2007-08-01,7.5
2007-08-02,7.5
2007-08-03,7.5
2007-08-06,7.5
2007-08-07,7.5
2007-08-08,7.5
2007-08-09,7.5
2007-08-10,7.5
2007-08-13,7.5
2007-08-14,7.5
2007-08-15,7.5
2007-08-16,7.5
2007-08-17,7.5
2007-08-21,7.5
2007-08-22,7.5
2007-08-23,7.5
2007-08-24,7.5
2007-08-27,7.5
2007-08-28,7.5
2007-08-29,7.5
2007-08-30,7.5
2007-08-31,7.5
2007-09-03,7.5
2007-09-04,7.5
2007-09-05,7.5
2007-09-06,7.5
2007-09-07,7.5
2007-09-10,7.5
2007-09-11,7.5
2007-09-12,7.5
2007-09-13,7.5
2007-09-14,7.5
2007-09-17,7.5
2007-09-18,7.5
2007-09-19,7.5
2007-09-20,7.5
2007-09-21,7.5
2007-09-24,8.0
2007-09-25,8.0
2007-09-26,8.0
2007-09-27,8.0
2007-09-28,8.0
2007-10-01,8.0
2007-10-02,8.0
2007-10-03,8.0
2007-10-04,8.0
2007-10-05,8.0
2007-10-08,8.0
2007-10-09,8.0
2007-10-10,8.0
2007-10-11,8.0
2007-10-12,8.0
2007-10-16,8.0
2007-10-17,8.0
2007-10-18,8.0
2007-10-19,8.0
2007-10-22,8.0
2007-10-23,8.0
2007-10-24,8.0
2007-10-25,8.0
2007-10-26,8.0
2007-10-29,8.0
2007-10-30,8.0
2007-10-31,8.0
2007-11-01,8.0
2007-11-02,8.0
2007-11-05,8.0
2007-11-07,8.0
2007-11-08,8.0
2007-11-09,8.0
2007-11-12,8.0
2007-11-13,8.0
2007-11-14,8.0
2007-11-15,8.0
2007-11-16,8.0
2007-11-19,8.0
2007-11-20,8.0
2007-11-21,8.0
2007-11-22,8.0
2007-11-23,8.0
2007-11-26,8.0
2007-11-27,8.0
2007-11-28,8.0
2007-11-29,8.0
2007-11-30,8.0
2007-12-03,8.0
2007-12-04,8.0
2007-12-05,8.0
2007-12-06,8.0
2007-12-07,8.0
2007-12-10,8.0
2007-12-11,8.0
2007-12-12,8.0
2007-12-13,8.0
2007-12-14,8.0
2007-12-17,8.0
2007-12-18,8.0
2007-12-19,8.0
2007-12-20,8.0
2007-12-21,8.0
2007-12-26,8.0
2007-12-27,8.0
2007-12-28,8.0
2008-01-02,8.0
2008-01-03,8.0
2008-01-04,8.0
2008-01-07,8.0
2008-01-08,8.0
2008-01-09,8.0
2008-01-10,8.0
2008-01-11,8.0
2008-01-14,8.0
2008-01-15,8.0
2008-01-16,8.0
2008-01-17,8.0
2008-01-18,8.0
2008-01-21,8.0
2008-01-22,8.0
2008-01-23,8.0
2008-01-24,8.0
2008-01-25,8.0
2008-01-28,8.0
2008-01-29,8.0
2008-01-30,8.0
2008-01-31,8.0
2008-02-01,8.0
2008-02-04,8.0
2008-02-05,8.0
2008-02-06,8.0
2008-02-07,8.0
2008-02-08,8.0
2008-02-11,8.0
2008-02-12,8.0
2008-02-13,8.0
2008-02-14,8.0
2008-02-15,8.0
2008-02-18,8.0
2008-02-19,8.0
2008-02-20,8.0
2008-02-21,8.0
2008-02-22,8.0
2008-02-25,8.0
2008-02-26,8.0
2008-02-27,8.0
2008-02-28,8.0
2008-02-29,8.0
2008-03-03,8.0
2008-03-04,8.0
2008-03-05,8.0
2008-03-06,8.0
2008-03-07,8.0
2008-03-10,8.0
2008-03-11,8.0
2008-03-12,8.0
2008-03-13,8.0
2008-03-14,8.0
2008-03-17,8.0
2008-03-18,8.0
2008-03-19,8.0
2008-03-25,8.0
2008-03-26,8.0
2008-03-27,8.0
2008-03-28,8.0
2008-03-31,8.0
2008-04-01,8.0
2008-04-03,8.0
2008-04-04,8.0
2008-04-07,8.0
2008-04-08,8.0
2008-04-09,8.0
2008-04-10,8.0
2008-04-11,8.0
2008-04-14,8.0
2008-04-15,8.0
2008-04-16,8.0
2008-04-17,8.0
2008-04-18,8.0
2008-04-21,8.0
2008-04-22,8.0
2008-04-23,8.0
2008-04-24,8.0
2008-04-25,8.0
2008-04-28,8.0
2008-04-29,8.0
2008-04-30,8.0
2008-05-02,8.0
2008-05-05,8.0
2008-05-06,8.0
2008-05-07,8.0
2008-05-08,8.0
2008-05-09,8.0
2008-05-12,8.75
2008-05-13,8.75
2008-05-14,8.75
2008-05-15,8.75
2008-05-16,8.75
2008-05-19,8.75
2008-05-20,8.75
2008-05-21,8.75
2008-05-22,8.75
2008-05-23,8.75
2008-05-26,8.75
2008-05-27,8.75
2008-05-28,8.75
2008-05-29,8.75
2008-05-30,8.75
2008-06-02,8.75
2008-06-03,8.75
2008-06-04,8.75
2008-06-05,8.75
2008-06-06,8.75
2008-06-09,8.75
2008-06-10,8.75
2008-06-11,8.75
2008-06-12,8.75
2008-06-13,8.75
2008-06-17,8.75
2008-06-18,8.75
2008-06-19,8.75
2008-06-20,8.75
2008-06-23,8.75
2008-06-24,8.75
2008-06-25,8.75
2008-06-26,8.75
2008-06-27,8.75
2008-06-30,8.75
2008-07-01,8.75
2008-07-02,8.75
2008-07-03,8.75
2008-07-04,8.75
2008-07-07,8.75
2008-07-08,8.75
2008-07-10,8.75
2008-07-11,8.75
2008-07-14,8.75
2008-07-15,8.75
2008-07-16,8.75
2008-07-17,8.75
2008-07-18,8.75
2008-07-21,8.75
2008-07-22,8.75
2008-07-23,8.75
2008-07-24,8.75
2008-07-25,8.75
2008-07-28,8.75
2008-07-29,8.75
2008-07-30,8.75
2008-07-31,8.75
2008-08-01,8.75
2008-08-04,8.75
2008-08-05,8.75
2008-08-06,8.75
2008-08-07,8.75
2008-08-08,8.75
2008-08-11,8.75
2008-08-12,8.75
2008-08-13,8.75
2008-08-14,8.75
2008-08-15,8.75
2008-08-19,8.75
2008-08-20,8.75
2008-08-21,8.75
2008-08-22,8.75
2008-08-25,8.75
2008-08-26,8.75
2008-08-27,8.75
2008-08-28,8.75
2008-08-29,8.75
2008-09-01,8.75
2008-09-02,8.75
2008-09-03,8.75
2008-09-04,8.75
2008-09-05,8.75
2008-09-08,8.75
2008-09-09,8.75
2008-09-10,8.75
2008-09-11,8.75
2008-09-12,8.75
2008-09-15,8.75
2008-09-16,8.75
2008-09-17,8.75
2008-09-18,8.75
2008-09-19,8.75
2008-09-22,9.75
2008-09-23,9.75
2008-09-24,9.75
2008-09-25,9.75
2008-09-26,9.75
2008-09-29,9.75
2008-09-30,9.75
2008-10-01,9.75
2008-10-02,9.75
2008-10-03,9.75
2008-10-06,10.5
2008-10-07,10.5
2008-10-08,10.5
2008-10-09,10.5
2008-10-10,10.5
2008-10-14,10.5
2008-10-15,10.5
2008-10-16,10.5
2008-10-17,10.5
2008-10-20,10.5
2008-10-21,10.5
2008-10-22,10.5
2008-10-23,10.5
2008-10-24,10.5
2008-10-27,10.5
2008-10-28,10.5
2008-10-29,10.5
2008-10-30,10.5
2008-10-31,10.5
2008-11-03,10.5
2008-11-04,10.5
2008-11-05,10.5
2008-11-07,10.5
2008-11-10,10.5
2008-11-11,10.5
2008-11-12,10.5
2008-11-13,10.5
2008-11-14,10.5
2008-11-17,10.5
2008-11-18,10.5
2008-11-19,10.5
2008-11-20,10.5
2008-11-21,10.5
2008-11-24,10.5
2008-11-25,10.5
2008-11-26,10.5
2008-11-27,10.5
2008-11-28,10.5
2008-12-01,10.5
2008-12-02,10.5
2008-12-03,10.5
2008-12-04,10.5
2008-12-05,10.5
2008-12-09,10.5
2008-12-10,10.5
2008-12-11,10.5
2008-12-12,10.5
2008-12-15,10.5
2008-12-16,10.5
2008-12-17,10.5
2008-12-18,10.5
2008-12-19,10.5
2008-12-22,10.5
2008-12-23,10.5
2008-12-24,10.5
2008-12-26,10.5
2008-12-29,10.5
2008-12-30,10.5
2008-12-31,10.5
2009-01-02,10.5
2009-01-05,10.5
2009-01-06,10.5
2009-01-07,10.5
2009-01-08,10.5
2009-01-09,10.5
2009-01-12,10.5
2009-01-13,10.5
2009-01-14,10.5
2009-01-15,10.5
2009-01-16,10.5
2009-01-19,10.5
2009-01-20,10.5
2009-01-21,10.5
2009-01-22,10.5
2009-01-23,10.5
2009-01-26,10.5
2009-01-27,10.5
2009-01-28,10.5
2009-01-29,10.5
2009-01-30,10.5
2009-02-02,10.5
2009-02-03,10.5
2009-02-04,10.5
2009-02-05,10.5
2009-02-06,10.5
2009-02-09,10.5
2009-02-10,10.5
2009-02-11,10.5
2009-02-12,10.5
2009-02-13,10.5
2009-02-16,10.5
2009-02-17,10.5
2009-02-18,10.5
2009-02-19,10.5
2009-02-20,10.5
2009-02-23,10.5
2009-02-24,10.5
2009-02-25,10.5
2009-02-26,10.5
2009-02-27,10.5
2009-03-02,10.5
2009-03-03,10.5
2009-03-04,10.5
2009-03-05,10.5
2009-03-06,10.5
2009-03-09,10.5
2009-03-10,10.5
2009-03-11,10.5
2009-03-12,10.5
2009-03-13,10.5
2009-03-16,10.5
2009-03-17,10.5
2009-03-18,10.5
2009-03-19,10.5
2009-03-20,10.5
2009-03-23,10.5
2009-03-25,10.5
2009-03-26,10.5
2009-03-27,10.5
2009-03-30,10.5
2009-03-31,10.5
2009-04-01,10.5
2009-04-03,10.5
2009-04-06,10.5
2009-04-07,10.5
2009-04-08,10.5
2009-04-13,10.5
2009-04-14,10.5
2009-04-15,10.5
2009-04-16,10.5
2009-04-17,10.5
2009-04-20,10.5
2009-04-21,10.5
2009-04-22,10.5
2009-04-23,10.5
2009-04-24,10.5
2009-04-27,10.5
2009-04-28,10.5
2009-04-29,10.5
2009-04-30,10.5
2009-05-04,10.5
2009-05-05,10.5
2009-05-06,10.5
2009-05-07,10.5
2009-05-08,10.5
2009-05-11,10.5
2009-05-12,10.5
2009-05-13,10.5
2009-05-14,10.5
2009-05-15,10.5
2009-05-18,10.5
2009-05-19,10.5
2009-05-20,10.5
2009-05-21,10.5
2009-05-22,10.5
2009-05-26,10.5
2009-05-27,10.5
2009-05-28,10.5
2009-05-29,10.5
2009-06-01,10.5
2009-06-02,10.5
2009-06-03,10.5
2009-06-04,10.5
2009-06-05,10.5
2009-06-08,10.5
2009-06-09,10.5
2009-06-10,10.5
2009-06-11,10.5
2009-06-12,10.5
2009-06-16,10.5
2009-06-17,10.5
2009-06-18,10.5
2009-06-19,10.5
2009-06-22,10.5
2009-06-23,10.5
2009-06-24,10.5
2009-06-25,10.5
2009-06-26,10.5
2009-06-29,10.5
2009-06-30,10.5
2009-07-01,10.5
2009-07-02,10.5
2009-07-03,10.5
2009-07-06,10.5
2009-07-07,10.0
2009-07-08,10.0
2009-07-13,10.0
2009-07-14,10.0
2009-07-15,10.0
2009-07-16,10.0
2009-07-17,10.0
2009-07-20,10.0
2009-07-21,10.0
2009-07-22,10.0
2009-07-23,10.0
2009-07-24,10.0
2009-07-27,10.0
2009-07-28,10.0
2009-07-29,10.0
2009-07-30,10.0
2009-07-31,10.0
2009-08-03,10.0
2009-08-04,10.0
2009-08-05,10.0
2009-08-06,10.0
2009-08-07,10.0
2009-08-10,9.5
2009-08-11,9.5
2009-08-12,9.5
2009-08-13,9.5
2009-08-14,9.5
2009-08-18,9.5
2009-08-19,9.5
2009-08-20,9.5
2009-08-21,9.5
2009-08-24,9.5
2009-08-25,9.5
2009-08-26,9.5
2009-08-27,9.5
2009-08-28,9.5
2009-08-31,9.5
2009-09-01,9.5
2009-09-02,9.5
2009-09-03,9.5
2009-09-04,9.5
2009-09-07,9.5
2009-09-08,9.5
2009-09-09,9.5
2009-09-10,9.5
2009-09-11,9.5
2009-09-14,9.5
2009-09-15,9.5
2009-09-16,9.5
2009-09-17,9.5
2009-09-18,9.5
2009-09-21,9.25
2009-09-22,9.25
2009-09-23,9.25
2009-09-24,9.25
2009-09-25,9.25
2009-09-28,9.25
2009-09-29,9.25
2009-09-30,9.25
2009-10-01,9.25
2009-10-02,9.25
2009-10-05,9.25
2009-10-06,9.25
2009-10-07,9.25
2009-10-08,9.25
2009-10-09,9.25
2009-10-13,9.25
2009-10-14,9.25
2009-10-15,9.25
2009-10-16,9.25
2009-10-19,9.25
2009-10-20,9.25
2009-10-21,9.0
2009-10-22,9.0
2009-10-23,9.0
2009-10-26,9.0
2009-10-27,9.0
2009-10-28,9.0
2009-10-29,9.0
2009-10-30,9.0
2009-11-02,9.0
2009-11-03,9.0
2009-11-04,9.0
2009-11-05,9.0
2009-11-09,9.0
2009-11-10,9.0
2009-11-11,9.0
2009-11-12,9.0
2009-11-13,9.0
2009-11-16,9.0
2009-11-17,9.0
2009-11-18,9.0
2009-11-19,9.0
2009-11-20,9.0
2009-11-23,9.0
2009-11-24,9.0
2009-11-25,9.0
2009-11-26,9.0
2009-11-27,9.0
2009-11-30,9.0
2009-12-01,9.0
2009-12-02,9.0
2009-12-03,9.0
2009-12-04,9.0
2009-12-07,9.0
2009-12-09,9.0
2009-12-10,9.0
2009-12-11,9.0
2009-12-14,9.0
2009-12-15,9.0
2009-12-16,9.0
2009-12-17,9.0
2009-12-18,9.0
2009-12-21,9.0
2009-12-22,9.0
2009-12-23,9.0
2009-12-24,9.0
2009-12-28,9.0
2009-12-29,9.0
2009-12-30,9.0
2009-12-31,9.0
2010-01-04,9.0
2010-01-05,9.0
2010-01-06,9.0
2010-01-07,9.0
2010-01-08,9.0
2010-01-11,9.0
2010-01-12,9.0
2010-01-13,9.0
2010-01-14,9.0
2010-01-15,9.0
2010-01-18,9.0
2010-01-19,9.0
2010-01-20,9.0
2010-01-21,9.0
2010-01-22,9.0
2010-01-25,9.0
2010-01-26,9.0
2010-01-27,9.0
2010-01-28,9.0
2010-01-29,9.0
2010-02-01,9.0
2010-02-02,9.0
2010-02-03,9.0
2010-02-04,9.0
2010-02-05,9.0
2010-02-08,9.0
2010-02-09,9.0
2010-02-10,9.0
2010-02-11,9.0
2010-02-12,9.0
2010-02-15,9.0
2010-02-16,9.0
2010-02-17,9.0
2010-02-18,9.0
2010-02-19,9.0
2010-02-22,9.0
2010-02-23,9.0
2010-02-24,9.0
2010-02-25,9.0
2010-02-26,9.0
2010-03-01,9.0
2010-03-02,9.0
2010-03-03,9.0
2010-03-04,9.0
2010-03-05,9.0
2010-03-08,9.0
2010-03-09,9.0
2010-03-10,9.0
2010-03-11,9.0
2010-03-12,9.0
2010-03-15,9.0
2010-03-16,9.0
2010-03-17,9.0
2010-03-18,9.0
2010-03-19,9.0
2010-03-22,9.0
2010-03-23,9.0
2010-03-25,9.0
2010-03-26,9.0
2010-03-29,9.0
2010-03-30,9.0
2010-03-31,9.0
2010-04-05,9.0
2010-04-06,9.0
2010-04-07,9.0
2010-04-08,9.0
2010-04-09,9.0
2010-04-12,9.0
2010-04-13,9.0
2010-04-14,9.0
2010-04-15,9.0
2010-04-16,9.0
2010-04-19,9.0
2010-04-20,9.0
2010-04-21,9.0
2010-04-22,9.0
2010-04-23,9.0
2010-04-26,9.0
2010-04-27,9.0
2010-04-28,9.0
2010-04-29,9.0
2010-04-30,9.0
2010-05-03,9.0
2010-05-04,9.0
2010-05-05,9.0
2010-05-06,9.0
2010-05-07,9.0
2010-05-10,9.0
2010-05-11,9.0
2010-05-12,9.0
2010-05-13,9.0
2010-05-14,9.0
2010-05-17,9.0
2010-05-18,9.0
2010-05-19,9.0
2010-05-20,9.0
2010-05-21,9.0
2010-05-26,9.0
2010-05-27,9.0
2010-05-28,9.0
2010-05-31,9.0
2010-06-01,9.0
2010-06-02,9.0
2010-06-03,9.0
2010-06-04,9.0
2010-06-07,9.0
2010-06-08,9.0
2010-06-09,9.0
2010-06-10,9.0
2010-06-11,9.0
2010-06-14,9.0
2010-06-15,9.0
2010-06-16,9.0
2010-06-17,9.0
2010-06-18,9.0
2010-06-22,9.0
2010-06-23,9.0
2010-06-24,9.0
2010-06-25,9.0
2010-06-28,9.0
2010-06-29,9.0
2010-06-30,9.0
2010-07-01,9.0
2010-07-02,9.0
2010-07-05,9.0
2010-07-06,9.0
2010-07-07,9.0
2010-07-08,9.0
2010-07-12,9.0
2010-07-13,9.0
2010-07-14,9.0
2010-07-15,9.0
2010-07-16,9.0
2010-07-19,9.0
2010-07-20,9.0
2010-07-21,9.0
2010-07-22,9.0
2010-07-23,9.0
2010-07-26,9.0
2010-07-27,9.0
2010-07-28,9.0
2010-07-29,9.0
2010-07-30,9.0
2010-08-02,9.0
2010-08-03,9.0
2010-08-04,9.0
2010-08-05,9.0
2010-08-06,9.0
2010-08-09,9.0
2010-08-10,9.0
2010-08-11,9.0
2010-08-12,9.0
2010-08-13,9.0
2010-08-17,9.0
2010-08-18,9.0
2010-08-19,9.0
2010-08-20,9.0
2010-08-23,9.0
2010-08-24,9.0
2010-08-25,9.0
2010-08-26,9.0
2010-08-27,9.0
2010-08-30,9.0
2010-08-31,9.0
2010-09-01,9.0
2010-09-02,9.0
2010-09-03,9.0
2010-09-06,9.0
2010-09-07,9.0
2010-09-08,9.0
2010-09-09,9.0
2010-09-10,9.0
2010-09-13,9.0
2010-09-14,9.0
2010-09-15,9.0
2010-09-16,9.0
2010-09-17,9.0
2010-09-20,9.0
2010-09-21,9.0
2010-09-22,9.0
2010-09-23,9.0
2010-09-24,9.0
2010-09-27,9.0
2010-09-28,9.0
2010-09-29,9.0
2010-09-30,9.0
2010-10-01,9.0
2010-10-04,9.0
2010-10-05,9.0
2010-10-06,9.0
2010-10-07,9.0
2010-10-08,9.0
2010-10-12,9.0
2010-10-13,9.0
2010-10-14,9.0
2010-10-15,9.0
2010-10-18,9.0
2010-10-19,9.0
2010-10-20,9.0
2010-10-21,9.0
2010-10-22,9.0
2010-10-25,9.0
2010-10-26,9.0
2010-10-28,9.0
2010-10-29,9.0
2010-11-01,9.0
2010-11-02,9.0
2010-11-03,9.0
2010-11-04,9.0
2010-11-05,9.0
2010-11-08,9.0
2010-11-09,9.0
2010-11-10,9.0
2010-11-11,9.0
2010-11-12,9.0
2010-11-15,9.0
2010-11-16,9.0
2010-11-17,9.0
2010-11-18,9.0
2010-11-19,9.0
2010-11-23,9.0
2010-11-24,9.0
2010-11-25,9.0
2010-11-26,9.0
2010-11-29,9.0
2010-11-30,9.0
2010-12-01,9.0
2010-12-02,9.0
2010-12-03,9.0
2010-12-06,9.0
2010-12-07,9.0
2010-12-09,9.0
2010-12-10,9.0
2010-12-13,9.0
2010-12-14,9.0
2010-12-15,9.0
2010-12-16,9.0
2010-12-17,9.0
2010-12-20,9.0
2010-12-21,9.0
2010-12-22,9.0
2010-12-23,9.0
2010-12-27,9.0
2010-12-28,9.0
2010-12-29,9.0
2010-12-30,9.0
2011-01-03,9.0
2011-01-04,9.0
2011-01-05,9.0
2011-01-06,9.0
2011-01-07,9.0
2011-01-10,9.0
2011-01-11,9.0
2011-01-12,9.0
2011-01-13,9.0
2011-01-14,9.0
2011-01-17,9.0
2011-01-18,9.0
2011-01-19,9.0
2011-01-20,9.0
2011-01-21,9.0
2011-01-24,9.0
2011-01-25,9.0
2011-01-26,9.0
2011-01-27,9.0
2011-01-28,9.0
2011-01-31,9.0
2011-02-01,9.0
2011-02-02,9.0
2011-02-03,9.0
2011-02-04,9.0
2011-02-07,9.0
2011-02-08,9.0
2011-02-09,9.0
2011-02-10,9.0
2011-02-11,9.0
2011-02-14,9.0
2011-02-15,9.0
2011-02-16,9.0
2011-02-17,9.0
2011-02-18,9.0
2011-02-21,9.0
2011-02-22,9.0
2011-02-23,9.0
2011-02-24,9.0
2011-02-25,9.0
2011-02-28,9.0
2011-03-01,9.0
2011-03-02,9.0
2011-03-03,9.0
2011-03-04,9.0
2011-03-09,9.0
2011-03-10,9.0
2011-03-11,9.0
2011-03-14,9.0
2011-03-15,9.0
2011-03-16,9.0
2011-03-17,9.0
2011-03-18,9.0
2011-03-21,9.0
2011-03-22,9.0
2011-03-23,9.0
2011-03-28,9.0
2011-03-29,9.0
2011-03-30,9.0
2011-03-31,9.0
2011-04-01,9.0
2011-04-04,9.0
2011-04-05,9.0
2011-04-06,9.0
2011-04-07,9.0
2011-04-08,9.0
2011-04-11,9.0
2011-04-12,9.0
2011-04-13,9.0
2011-04-14,9.0
2011-04-15,9.0
2011-04-18,9.0
2011-04-19,9.0
2011-04-20,9.0
2011-04-25,9.0
2011-04-26,9.0
2011-04-27,9.0
2011-04-28,9.0
2011-04-29,9.0
2011-05-02,9.0
2011-05-03,9.0
2011-05-04,9.0
2011-05-05,9.0
2011-05-06,9.0
2011-05-09,9.0
2011-05-10,9.0
2011-05-11,9.0
2011-05-12,9.0
2011-05-13,9.0
2011-05-16,9.0
2011-05-17,9.0
2011-05-18,9.0
2011-05-19,9.0
2011-05-20,9.0
2011-05-23,9.0
2011-05-24,9.0
2011-05-26,9.0
2011-05-27,9.0
2011-05-30,9.0
2011-05-31,9.0
2011-06-01,9.0
2011-06-02,9.0
2011-06-03,9.0
2011-06-06,9.0
2011-06-07,9.0
2011-06-08,9.0
2011-06-09,9.0
2011-06-10,9.0
2011-06-13,9.0
2011-06-14,9.0
2011-06-15,9.0
2011-06-16,9.0
2011-06-17,9.0
2011-06-21,9.0
2011-06-22,9.0
2011-06-23,9.0
2011-06-24,9.0
2011-06-27,9.0
2011-06-28,9.0
2011-06-29,9.0
2011-06-30,9.0
2011-07-01,9.0
2011-07-04,9.0
2011-07-05,9.0
2011-07-06,9.0
2011-07-07,9.0
2011-07-08,9.0
2011-07-11,9.0
2011-07-12,9.0
2011-07-13,9.0
2011-07-14,9.0
2011-07-15,9.0
2011-07-18,9.0
2011-07-19,9.0
2011-07-20,9.0
2011-07-21,9.0
2011-07-22,9.0
2011-07-25,9.0
2011-07-26,9.0
2011-07-27,9.0
2011-07-28,9.0
2011-07-29,9.0
2011-08-01,9.0
2011-08-02,9.0
2011-08-03,9.0
2011-08-04,9.0
2011-08-05,9.0
2011-08-08,9.0
2011-08-09,9.0
2011-08-10,9.0
2011-08-11,9.0
2011-08-12,9.0
2011-08-15,9.0
2011-08-16,9.0
2011-08-17,9.0
2011-08-18,9.0
2011-08-19,9.0
2011-08-23,9.0
2011-08-24,9.0
2011-08-25,9.0
2011-08-26,9.0
2011-08-29,9.0
2011-08-30,9.0
2011-08-31,9.0
2011-09-01,9.0
2011-09-02,9.0
2011-09-05,9.0
2011-09-06,9.0
2011-09-07,9.0
2011-09-08,9.0
2011-09-09,9.0
2011-09-12,9.0
2011-09-13,9.0
2011-09-14,9.0
2011-09-15,9.0
2011-09-16,9.0
2011-09-19,9.0
2011-09-20,9.0
2011-09-21,9.0
2011-09-22,9.0
2011-09-23,9.0
2011-09-26,9.0
2011-09-27,9.0
2011-09-28,9.0
2011-09-29,9.0
2011-09-30,9.0
2011-10-03,9.0
2011-10-04,9.0
2011-10-05,9.0
2011-10-06,9.0
2011-10-07,9.0
2011-10-11,9.0
2011-10-12,9.0
2011-10-13,9.0
2011-10-14,9.0
2011-10-17,9.0
2011-10-18,9.0
2011-10-19,9.0
2011-10-20,9.0
2011-10-21,9.0
2011-10-24,9.0
2011-10-25,9.0
2011-10-26,9.0
2011-10-27,9.0
2011-10-28,9.0
2011-10-31,9.0
2011-11-01,9.0
2011-11-02,9.0
2011-11-03,9.0
2011-11-04,9.0
2011-11-07,9.0
2011-11-08,9.0
2011-11-09,9.0
2011-11-10,9.0
2011-11-11,9.0
2011-11-14,9.0
2011-11-15,9.0
2011-11-16,9.0
2011-11-17,9.0
2011-11-18,9.0
2011-11-21,9.0
2011-11-22,9.0
2011-11-23,9.0
2011-11-24,9.0
2011-11-25,9.0
2011-11-29,9.0
2011-11-30,9.0
2011-12-01,9.0
2011-12-02,9.0
2011-12-05,9.0
2011-12-06,9.0
2011-12-07,9.0
2011-12-12,9.0
2011-12-13,9.0
2011-12-14,9.0
2011-12-15,9.0
2011-12-16,9.0
2011-12-19,9.0
2011-12-20,9.0
2011-12-21,9.0
2011-12-22,9.0
2011-12-23,9.0
2011-12-27,9.0
2011-12-28,9.0
2011-12-29,9.0
2011-12-30,9.0
2012-01-03,9.0
2012-01-04,9.0
2012-01-05,9.0
2012-01-06,9.0
2012-01-09,9.0
2012-01-10,9.0
2012-01-11,9.0
2012-01-12,9.0
2012-01-13,9.0
2012-01-16,9.0
2012-01-17,9.0
2012-01-18,9.0
2012-01-19,9.0
2012-01-20,9.0
2012-01-23,9.0
2012-01-24,9.0
2012-01-25,9.0
2012-01-26,9.0
2012-01-27,9.0
2012-01-30,9.0
2012-01-31,9.0
2012-02-01,9.0
2012-02-02,9.0
2012-02-03,9.0
2012-02-06,9.0
2012-02-07,9.0
2012-02-08,9.0
2012-02-09,9.0
2012-02-10,9.0
2012-02-13,9.0
2012-02-14,9.0
2012-02-15,9.0
2012-02-16,9.0
2012-02-17,9.0
2012-02-22,9.0
2012-02-23,9.0
2012-02-24,9.0
2012-02-28,9.0
2012-02-29,9.0
2012-03-01,9.0
2012-03-02,9.0
2012-03-05,9.0
2012-03-06,9.0
2012-03-07,9.0
2012-03-08,9.0
2012-03-09,9.0
2012-03-12,9.0
2012-03-13,9.0
2012-03-14,9.0
2012-03-15,9.0
2012-03-16,9.0
2012-03-19,9.0
2012-03-20,9.0
2012-03-21,9.0
2012-03-22,9.0
2012-03-23,9.0
2012-03-26,9.0
2012-03-27,9.0
2012-03-28,9.0
2012-03-29,9.0
2012-03-30,9.0
2012-04-03,9.0
2012-04-04,9.0
2012-04-09,9.0
2012-04-10,9.0
2012-04-11,9.0
2012-04-12,9.0
2012-04-13,9.0
2012-04-16,9.0
2012-04-17,9.0
2012-04-18,9.0
2012-04-19,9.0
2012-04-20,9.0
2012-04-23,9.0
2012-04-24,9.0
2012-04-25,9.0
2012-04-26,9.0
2012-04-27,9.0
2012-05-02,9.0
2012-05-03,9.0
2012-05-04,9.0
2012-05-07,9.0
2012-05-08,9.0
2012-05-09,9.0
2012-05-10,9.0
2012-05-11,9.0
2012-05-14,9.0
2012-05-15,9.0
2012-05-16,9.0
2012-05-17,9.0
2012-05-18,9.0
2012-05-21,9.0
2012-05-22,9.0
2012-05-23,9.0
2012-05-24,9.0
2012-05-28,9.0
2012-05-29,9.0
2012-05-30,9.0
2012-05-31,9.0
2012-06-01,9.0
2012-06-04,9.0
2012-06-05,9.0
2012-06-06,9.0
2012-06-07,9.0
2012-06-08,9.0
2012-06-11,9.0
2012-06-12,9.0
2012-06-13,9.0
2012-06-14,9.0
2012-06-15,9.0
2012-06-18,9.0
2012-06-19,9.0
2012-06-21,9.0
2012-06-22,9.0
2012-06-25,9.0
2012-06-26,9.0
2012-06-27,9.0
2012-06-28,9.0
2012-06-29,9.0
2012-07-02,9.0
2012-07-03,9.0
2012-07-04,9.0
2012-07-05,9.0
2012-07-06,9.0
2012-07-10,9.0
2012-07-11,9.0
2012-07-12,9.0
2012-07-13,9.0
2012-07-16,9.0
2012-07-17,9.0
2012-07-18,9.0
2012-07-19,9.0
2012-07-20,9.0
2012-07-23,9.0
2012-07-24,9.0
2012-07-25,9.0
2012-07-26,9.0
2012-07-27,9.0
2012-07-30,9.0
2012-07-31,9.0
2012-08-01,9.0
2012-08-02,9.0
2012-08-03,9.0
2012-08-06,9.0
2012-08-07,9.0
2012-08-08,9.0
2012-08-09,9.0
2012-08-10,9.0
2012-08-13,9.0
2012-08-14,9.0
2012-08-15,9.0
2012-08-16,9.0
2012-08-17,9.0
2012-08-21,9.0
2012-08-22,9.0
2012-08-23,9.0
2012-08-24,9.0
2012-08-27,9.0
2012-08-28,9.0
2012-08-29,9.0
2012-08-30,9.0
2012-08-31,9.0
2012-09-03,9.0
2012-09-04,9.0
2012-09-05,9.0
2012-09-06,9.0
2012-09-07,9.0
2012-09-10,9.0
2012-09-11,9.0
2012-09-12,9.0
2012-09-13,9.0
2012-09-14,9.0
2012-09-17,9.0
2012-09-18,9.0
2012-09-19,9.0
2012-09-20,9.0
2012-09-21,9.0
2012-09-25,9.0
2012-09-26,9.0
2012-09-27,9.0
2012-09-28,9.0
2012-10-01,9.0
2012-10-02,9.0
2012-10-03,9.0
2012-10-04,9.0
2012-10-05,9.0
2012-10-09,9.0
2012-10-10,9.0
2012-10-11,9.0
2012-10-12,9.0
2012-10-15,9.0
2012-10-16,9.0
2012-10-17,9.0
2012-10-18,9.0
2012-10-19,9.0
2012-10-22,9.0
2012-10-23,9.0
2012-10-24,9.0
2012-10-25,9.0
2012-10-26,9.0
2012-10-29,9.0
2012-10-30,9.0
2012-10-31,9.0
2012-11-01,9.0
2012-11-02,9.0
2012-11-05,9.0
2012-11-07,9.0
2012-11-08,9.0
2012-11-09,9.0
2012-11-12,9.0
2012-11-13,9.0
2012-11-14,9.0
2012-11-15,9.0
2012-11-16,9.0
2012-11-19,9.0
2012-11-20,9.0
2012-11-21,9.0
2012-11-22,9.0
2012-11-23,9.0
2012-11-27,9.0
2012-11-28,9.0
2012-11-29,9.0
2012-11-30,9.0
2012-12-03,9.0
2012-12-04,9.0
2012-12-05,9.0
2012-12-06,9.0
2012-12-07,9.0
2012-12-10,9.0
2012-12-11,9.0
2012-12-12,9.0
2012-12-13,9.0
2012-12-14,9.0
2012-12-17,9.0
2012-12-18,9.0
2012-12-19,9.0
2012-12-20,9.0
2012-12-21,9.0
2012-12-26,9.0
2012-12-27,9.0
2012-12-28,9.0
2012-12-31,9.0
2013-01-02,9.0
2013-01-03,9.0
2013-01-04,9.0
2013-01-07,9.0
2013-01-08,9.0
2013-01-09,9.0
2013-01-10,9.0
2013-01-11,9.0
2013-01-14,9.0
2013-01-15,9.0
2013-01-16,9.0
2013-01-17,9.0
2013-01-18,9.0
2013-01-21,9.0
2013-01-22,9.0
2013-01-23,9.0
2013-01-24,9.0
2013-01-25,9.0
2013-01-28,9.0
2013-01-29,9.0
2013-01-30,9.0
2013-02-01,9.0
2013-02-04,9.0
2013-02-05,9.0
2013-02-06,9.0
2013-02-07,9.0
2013-02-08,9.0
2013-02-13,9.0
2013-02-14,9.0
2013-02-15,9.0
2013-02-18,9.0
2013-02-19,9.0
2013-02-21,9.0
2013-02-22,9.0
2013-02-25,9.0
2013-02-26,9.0
2013-02-27,9.0
2013-02-28,9.0
2013-03-01,9.0
2013-03-04,9.0
2013-03-05,9.0
2013-03-06,9.0
2013-03-07,9.0
2013-03-08,9.0
2013-03-11,9.0
2013-03-12,9.0
2013-03-13,9.0
2013-03-14,9.0
2013-03-15,9.0
2013-03-18,9.0
2013-03-19,9.0
2013-03-20,9.0
2013-03-21,9.0
2013-03-22,9.0
2013-03-25,9.0
2013-03-26,9.0
2013-03-27,9.0
2013-04-03,9.0
2013-04-04,9.0
2013-04-05,9.0
2013-04-08,9.0
2013-04-09,9.0
2013-04-10,9.0
2013-04-11,9.0
2013-04-12,9.0
2013-04-15,9.0
2013-04-16,9.0
2013-04-17,9.0
2013-04-18,9.0
2013-04-19,9.0
2013-04-22,9.0
2013-04-23,9.0
2013-04-24,9.0
2013-04-25,9.0
2013-04-26,9.0
2013-04-29,9.0
2013-04-30,9.0
2013-05-02,9.0
2013-05-03,9.0
2013-05-06,9.0
2013-05-07,9.0
2013-05-08,9.0
2013-05-09,9.0
2013-05-10,9.0
2013-05-13,9.0
2013-05-14,9.0
2013-05-15,9.0
2013-05-16,9.0
2013-05-17,9.0
2013-05-20,9.0
2013-05-21,9.0
2013-05-22,9.0
2013-05-23,9.0
2013-05-24,9.0
2013-05-27,9.0
2013-05-28,9.0
2013-05-29,9.0
2013-05-30,9.0
2013-05-31,9.0
2013-06-03,9.0
2013-06-04,9.0
2013-06-05,9.0
2013-06-06,9.0
2013-06-07,9.0
2013-06-10,9.0
2013-06-11,9.0
2013-06-12,9.0
2013-06-13,9.0
2013-06-14,9.0
2013-06-17,9.0
2013-06-18,9.0
2013-06-19,9.0
2013-06-24,9.0
2013-06-25,9.0
2013-06-26,9.0
2013-06-27,9.0
2013-06-28,9.0
2013-07-01,9.0
2013-07-02,9.0
2013-07-03,9.0
2013-07-04,9.0
2013-07-05,9.0
2013-07-08,9.0
2013-07-10,9.0
2013-07-11,9.0
2013-07-12,9.0
2013-07-15,9.0
2013-07-16,9.0
2013-07-17,9.0
2013-07-18,9.0
2013-07-19,9.0
2013-07-22,9.0
2013-07-23,9.0
2013-07-24,9.0
2013-07-25,9.0
2013-07-26,9.0
2013-07-29,9.0
2013-07-30,9.0
2013-07-31,9.0
2013-08-01,9.0
2013-08-02,9.0
2013-08-05,9.0
2013-08-06,9.0
2013-08-07,9.0
2013-08-08,9.0
2013-08-09,9.0
2013-08-12,9.0
2013-08-13,9.0
2013-08-14,9.0
2013-08-15,9.0
2013-08-16,9.0
2013-08-20,9.0
2013-08-21,9.0
2013-08-22,9.0
2013-08-23,9.0
2013-08-26,9.0
2013-08-27,9.0
2013-08-28,9.0
2013-08-29,9.0
2013-08-30,9.0
2013-09-02,9.0
2013-09-03,9.0
2013-09-04,9.0
2013-09-05,9.0
2013-09-06,9.0
2013-09-09,9.0
2013-09-10,9.0
2013-09-11,9.0
2013-09-12,9.0
2013-09-13,9.0
2013-09-16,9.0
2013-09-17,9.0
2013-09-18,9.0
2013-09-19,9.0
2013-09-20,9.0
2013-09-23,9.0
2013-09-24,9.0
2013-09-25,9.0
2013-09-26,9.0
2013-09-27,9.0
2013-09-30,9.0
2013-10-01,9.0
2013-10-02,9.0
2013-10-03,9.0
2013-10-04,9.0
2013-10-07,9.0
2013-10-08,9.0
2013-10-09,9.0
2013-10-10,9.0
2013-10-11,9.0
2013-10-15,9.0
2013-10-16,9.0
2013-10-17,9.0
2013-10-18,9.0
2013-10-21,9.0
2013-10-22,9.0
2013-10-23,9.0
2013-10-24,9.0
2013-10-25,9.0
2013-10-28,9.0
2013-10-29,9.0
2013-10-30,9.0
2013-10-31,9.0
2013-11-01,9.0
2013-11-04,9.0
2013-11-05,9.0
2013-11-07,9.0
2013-11-08,9.0
2013-11-11,9.0
2013-11-12,9.0
2013-11-13,9.0
2013-11-14,9.0
2013-11-15,9.0
2013-11-18,9.0
2013-11-19,9.0
2013-11-20,9.0
2013-11-21,9.0
2013-11-22,9.0
2013-11-26,9.0
2013-11-27,9.0
2013-11-28,9.0
2013-11-29,9.0
2013-12-02,9.0
2013-12-03,9.0
2013-12-04,9.0
2013-12-05,9.0
2013-12-06,9.0
2013-12-09,9.0
2013-12-10,9.0
2013-12-11,9.0
2013-12-12,9.0
2013-12-13,9.0
2013-12-16,9.0
2013-12-17,9.0
2013-12-18,9.0
2013-12-19,9.0
2013-12-20,9.0
2013-12-23,9.0
2013-12-26,9.0
2013-12-27,9.0
2013-12-30,9.0
2014-01-02,9.0
2014-01-03,9.0
2014-01-06,9.0
2014-01-07,9.0
2014-01-08,9.0
2014-01-09,9.0
2014-01-10,9.0
2014-01-13,9.0
2014-01-14,9.0
2014-01-15,9.0
2014-01-16,9.0
2014-01-17,9.0
2014-01-20,9.0
2014-01-21,9.0
2014-01-22,9.0
2014-01-23,9.0
2014-01-24,9.0
2014-01-27,9.0
2014-01-28,9.0
2014-01-29,9.0
2014-01-30,9.0
2014-01-31,9.0
2014-02-03,9.0
2014-02-04,9.0
2014-02-05,9.0
2014-02-06,9.0
2014-02-07,9.0
2014-02-10,9.0
2014-02-11,9.0
2014-02-12,9.0
2014-02-13,9.0
2014-02-14,9.0
2014-02-17,9.0
2014-02-18,9.0
2014-02-19,9.0
2014-02-20,9.0
2014-02-21,9.0
2014-02-24,9.0
2014-02-25,9.0
2014-02-26,9.0
2014-02-27,9.0
2014-02-28,9.0
2014-03-05,9.0
2014-03-06,9.0
2014-03-07,9.0
2014-03-10,9.0
2014-03-11,9.0
2014-03-12,9.0
2014-03-13,9.0
2014-03-14,9.0
2014-03-17,9.0
2014-03-18,9.0
2014-03-19,9.0
2014-03-20,9.0
2014-03-21,9.0
2014-03-25,9.0
2014-03-26,9.0
2014-03-27,9.0
2014-03-28,9.0
2014-03-31,9.0
2014-04-01,9.0
2014-04-03,9.0
2014-04-04,9.0
2014-04-07,9.0
2014-04-08,9.0
2014-04-09,9.0
2014-04-10,9.0
2014-04-11,9.0
2014-04-14,9.0
2014-04-15,9.0
2014-04-16,9.0
2014-04-21,9.0
2014-04-22,9.0
2014-04-23,9.0
2014-04-24,9.0
2014-04-25,9.0
2014-04-28,9.0
2014-04-29,9.0
2014-04-30,9.0
2014-05-05,9.0
2014-05-06,9.0
2014-05-07,9.0
2014-05-08,9.0
2014-05-09,9.0
2014-05-12,9.0
2014-05-13,9.0
2014-05-14,9.0
2014-05-15,9.0
2014-05-16,9.0
2014-05-19,9.0
2014-05-20,9.0
2014-05-21,9.0
2014-05-22,9.0
2014-05-23,9.0
2014-05-26,9.0
2014-05-27,9.0
2014-05-28,9.0
2014-05-29,9.0
2014-05-30,9.0
2014-06-02,9.0
2014-06-03,9.0
2014-06-04,9.0
2014-06-05,9.0
2014-06-06,9.0
2014-06-09,9.0
2014-06-10,9.0
2014-06-11,9.0
2014-06-12,9.0
2014-06-13,9.0
2014-06-16,9.0
2014-06-17,9.0
2014-06-18,9.0
2014-06-19,9.0
2014-06-23,9.0
2014-06-24,9.0
2014-06-25,9.0
2014-06-26,9.0
2014-06-27,9.0
2014-06-30,9.0
2014-07-01,9.0
2014-07-02,9.0
2014-07-03,9.0
2014-07-04,9.0
2014-07-07,9.0
2014-07-08,9.0
2014-07-10,9.0
2014-07-11,9.0
2014-07-14,9.0
2014-07-15,9.0
2014-07-16,9.0
2014-07-17,9.0
2014-07-18,9.0
2014-07-21,9.0
2014-07-22,9.0
2014-07-23,9.0
2014-07-24,9.0
2014-07-25,9.0
2014-07-28,9.0
2014-07-29,9.0
2014-07-30,9.0
2014-07-31,9.0
2014-08-01,9.0
2014-08-04,9.0
2014-08-05,9.0
2014-08-06,9.0
2014-08-07,9.0
2014-08-08,9.0
2014-08-11,9.0
2014-08-12,9.0
2014-08-13,9.0
2014-08-14,9.0
2014-08-15,9.0
2014-08-19,9.0
2014-08-20,9.0
2014-08-21,9.0
2014-08-22,9.0
2014-08-25,9.0
2014-08-26,9.0
2014-08-27,9.0
2014-08-28,9.0
2014-08-29,9.0
2014-09-01,9.0
2014-09-02,9.0
2014-09-03,9.0
2014-09-04,9.0
2014-09-05,9.0
2014-09-08,9.0
2014-09-09,9.0
2014-09-10,9.0
2014-09-11,9.0
2014-09-12,9.0
2014-09-15,9.0
2014-09-16,9.0
2014-09-17,9.0
2014-09-18,9.0
2014-09-19,9.0
2014-09-22,9.0
2014-09-23,9.0
2014-09-24,9.0
2014-09-25,9.0
2014-09-26,9.0
2014-09-29,9.0
2014-09-30,9.0
2014-10-01,9.0
2014-10-02,9.0
2014-10-03,13.0
2014-10-06,13.0
2014-10-07,13.0
2014-10-08,13.0
2014-10-09,13.0
2014-10-10,13.0
2014-10-14,13.0
2014-10-15,13.0
2014-10-16,13.0
2014-10-17,13.0
2014-10-20,13.0
2014-10-21,13.0
2014-10-22,13.0
2014-10-23,13.0
2014-10-24,13.0
2014-10-27,13.0
2014-10-28,13.0
2014-10-29,13.0
2014-10-30,13.0
2014-10-31,13.0
2014-11-03,13.0
2014-11-04,13.0
2014-11-05,13.0
2014-11-07,13.0
2014-11-10,13.0
2014-11-11,13.0
2014-11-12,13.0
2014-11-13,13.0
2014-11-14,13.0
2014-11-17,13.0
2014-11-18,13.0
2014-11-19,13.0
2014-11-20,13.0
2014-11-21,13.0
2014-11-25,13.0
2014-11-26,13.0
2014-11-27,13.0
2014-11-28,13.0
2014-12-01,13.0
2014-12-02,13.0
2014-12-03,13.0
2014-12-04,13.0
2014-12-05,13.0
2014-12-09,13.0
2014-12-10,13.0
2014-12-11,13.0
2014-12-12,13.0
2014-12-15,13.0
2014-12-16,13.0
2014-12-17,13.0
2014-12-18,13.0
2014-12-19,13.0
2014-12-22,13.0
2014-12-23,13.0
2014-12-24,13.0
2014-12-29,13.0
2014-12-30,13.0
2015-01-02,13.0
2015-01-05,13.0
2015-01-06,13.0
2015-01-07,13.0
2015-01-08,13.0
2015-01-09,13.0
2015-01-12,13.0
2015-01-13,13.0
2015-01-14,13.0
2015-01-15,13.0
2015-01-16,13.0
2015-01-19,13.0
2015-01-20,13.0
2015-01-21,13.0
2015-01-22,13.0
2015-01-23,13.0
2015-01-26,13.0
2015-01-27,13.0
2015-01-28,13.0
2015-01-29,13.0
2015-01-30,13.0
2015-02-02,13.0
2015-02-03,13.0
2015-02-04,13.0
2015-02-05,13.0
2015-02-06,13.0
2015-02-09,13.0
2015-02-10,13.0
2015-02-11,13.0
2015-02-12,13.0
2015-02-13,13.0
2015-02-18,13.0
2015-02-19,13.0
2015-02-20,13.0
2015-02-23,13.0
2015-02-24,13.0
2015-02-25,13.0
2015-02-26,13.0
2015-02-27,13.0
2015-03-02,13.0
2015-03-03,13.0
2015-03-04,13.0
2015-03-05,13.0
2015-03-06,13.0
2015-03-09,13.0
2015-03-10,13.0
2015-03-11,13.0
2015-03-12,13.0
2015-03-13,13.0
2015-03-16,13.0
2015-03-17,13.0
2015-03-18,13.0
2015-03-19,13.0
2015-03-20,13.0
2015-03-25,13.0
2015-03-26,13.0
2015-03-27,13.0
2015-03-30,13.0
2015-03-31,13.0
2015-04-01,13.0
2015-04-06,13.0
2015-04-07,13.0
2015-04-08,13.0
2015-04-09,13.0
2015-04-10,13.0
2015-04-13,13.0
2015-04-14,13.0
2015-04-15,13.0
2015-04-16,13.0
2015-04-17,13.0
2015-04-20,13.0
2015-04-21,13.0
2015-04-22,13.0
2015-04-23,13.0
2015-04-24,13.0
2015-04-27,13.0
2015-04-28,13.0
2015-04-29,13.0
2015-04-30,13.0
2015-05-04,13.0
2015-05-05,13.0
2015-05-06,13.0
2015-05-07,13.0
2015-05-08,13.0
2015-05-11,13.0
2015-05-12,13.0
2015-05-13,13.0
2015-05-14,13.0
2015-05-15,13.0
2015-05-18,13.0
2015-05-19,13.0
2015-05-20,13.0
2015-05-21,13.0
2015-05-22,13.0
2015-05-26,13.0
2015-05-27,13.0
2015-05-28,13.0
2015-05-29,13.0
2015-06-01,13.0
2015-06-02,13.0
2015-06-03,13.0
2015-06-04,13.0
2015-06-05,13.0
2015-06-08,13.0
2015-06-09,13.0
2015-06-10,13.0
2015-06-11,13.0
2015-06-12,13.0
2015-06-15,13.0
2015-06-16,13.0
2015-06-17,13.0
2015-06-18,13.0
2015-06-19,13.0
2015-06-22,13.0
2015-06-23,13.0
2015-06-24,13.0
2015-06-25,13.0
2015-06-26,13.0
2015-06-29,13.0
2015-06-30,13.0
2015-07-01,13.0
2015-07-02,13.0
2015-07-03,13.0
2015-07-06,13.0
2015-07-07,13.0
2015-07-08,13.0
2015-07-10,13.0
2015-07-13,13.0
2015-07-14,13.0
2015-07-15,13.0
2015-07-16,13.0
2015-07-17,13.0
2015-07-20,13.0
2015-07-21,13.0
2015-07-22,13.0
2015-07-23,13.0
2015-07-24,13.0
2015-07-27,18.0
2015-07-28,18.0
2015-07-29,18.0
2015-07-30,18.0
2015-07-31,18.0
2015-08-03,18.0
2015-08-04,18.0
2015-08-05,18.0
2015-08-06,18.0
2015-08-07,18.0
2015-08-10,18.0
2015-08-11,18.0
2015-08-12,18.0
2015-08-13,18.0
2015-08-14,18.0
2015-08-18,18.0
2015-08-19,18.0
2015-08-20,18.0
2015-08-21,18.0
2015-08-24,18.0
2015-08-25,18.0
2015-08-26,18.0
2015-08-27,18.0
2015-08-28,18.0
2015-08-31,18.0
2015-09-01,18.0
2015-09-02,18.0
2015-09-03,18.0
2015-09-04,18.0
2015-09-07,18.0
2015-09-08,18.0
2015-09-09,18.0
2015-09-10,18.0
2015-09-11,18.0
2015-09-14,18.0
2015-09-15,18.0
2015-09-16,18.0
2015-09-17,18.0
2015-09-18,18.0
2015-09-21,18.0
2015-09-22,18.0
2015-09-23,18.0
2015-09-24,18.0
2015-09-25,18.0
2015-09-28,18.0
2015-09-29,18.0
2015-09-30,18.0
2015-10-01,18.0
2015-10-02,18.0
2015-10-05,18.0
2015-10-06,18.0
2015-10-07,18.0
2015-10-08,18.0
2015-10-09,18.0
2015-10-13,18.0
2015-10-14,18.0
2015-10-15,18.0
2015-10-16,18.0
2015-10-19,18.0
2015-10-20,18.0
2015-10-21,18.0
2015-10-22,18.0
2015-10-23,18.0
2015-10-26,18.0
2015-10-27,21.0
2015-10-28,21.0
2015-10-29,21.0
2015-10-30,21.0
2015-11-02,21.0
2015-11-03,21.0
2015-11-04,21.0
2015-11-05,21.0
2015-11-09,21.0
2015-11-10,21.0
2015-11-11,21.0
2015-11-12,21.0
2015-11-13,21.0
2015-11-16,21.0
2015-11-17,21.0
2015-11-18,21.0
2015-11-19,21.0
2015-11-20,21.0
2015-11-23,21.0
2015-11-24,21.0
2015-11-25,21.0
2015-11-26,21.0
2015-11-30,21.0
2015-12-01,21.0
2015-12-02,21.0
2015-12-03,21.0
2015-12-04,21.0
2015-12-09,21.0
2015-12-10,21.0
2015-12-11,21.0
2015-12-14,21.0
2015-12-15,21.0
2015-12-16,21.0
2015-12-17,21.0
2015-12-18,21.0
2015-12-21,21.0
2015-12-22,21.0
2015-12-23,21.0
2015-12-24,21.0
2015-12-28,21.0
2015-12-29,21.0
2015-12-30,18.0
2015-12-31,18.0
2016-01-04,18.0
2016-01-05,18.0
2016-01-06,18.0
2016-01-07,18.0
2016-01-08,18.0
2016-01-11,18.0
2016-01-12,18.0
2016-01-13,18.0
2016-01-14,18.0
2016-01-15,18.0
2016-01-18,18.0
2016-01-19,18.0
2016-01-20,18.0
2016-01-21,18.0
2016-01-22,18.0
2016-01-25,18.0
2016-01-26,18.0
2016-01-27,18.0
2016-01-28,18.0
2016-01-29,18.0
2016-02-01,18.0
2016-02-02,18.0
2016-02-03,18.0
2016-02-04,18.0
2016-02-05,18.0
2016-02-10,18.0
2016-02-11,18.0
2016-02-12,18.0
2016-02-15,18.0
2016-02-16,18.0
2016-02-17,18.0
2016-02-18,18.0
2016-02-19,18.0
2016-02-22,18.0
2016-02-23,18.0
2016-02-24,18.0
2016-02-25,18.0
2016-02-26,18.0
2016-02-29,25.0
2016-03-01,25.0
2016-03-02,28.0
2016-03-03,28.0
2016-03-04,28.0
2016-03-07,28.0
2016-03-08,28.0
2016-03-09,28.0
2016-03-10,29.0
2016-03-11,29.0
2016-03-14,29.0
2016-03-15,29.0
2016-03-16,29.0
2016-03-17,29.0
2016-03-18,29.0
2016-03-21,29.0
2016-03-22,29.0
2016-03-23,29.0
2016-03-28,29.0
2016-03-29,29.0
2016-03-30,30.0
2016-03-31,30.0
2016-04-01,30.0
2016-04-04,30.0
2016-04-05,30.0
2016-04-06,30.0
2016-04-07,30.0
2016-04-08,30.0
2016-04-11,30.0
2016-04-12,30.0
2016-04-13,30.0
2016-04-14,30.0
2016-04-15,30.0
2016-04-18,30.0
2016-04-19,30.0
2016-04-20,30.0
2016-04-21,30.0
2016-04-22,30.0
2016-04-25,30.0
2016-04-26,30.0
2016-04-27,30.0
2016-04-28,30.0
2016-04-29,30.0
2016-05-02,30.0
2016-05-03,30.0
2016-05-04,30.0
2016-05-05,30.0
2016-05-06,30.0
2016-05-09,30.0
2016-05-10,30.0
2016-05-11,30.0
2016-05-12,30.0
2016-05-13,30.0
2016-05-16,30.0
2016-05-17,30.0
2016-05-18,30.0
2016-05-19,30.0
2016-05-20,30.0
2016-05-23,30.0
2016-05-24,30.0
2016-05-26,30.0
2016-05-27,30.0
2016-05-30,30.0
2016-05-31,30.0
2016-06-01,30.0
2016-06-02,30.0
2016-06-03,30.0
2016-06-06,30.0
2016-06-07,30.0
2016-06-08,29.0
2016-06-09,29.0
2016-06-10,29.0
2016-06-13,29.0
2016-06-14,29.0
2016-06-15,28.0
2016-06-16,28.0
2016-06-21,28.0
2016-06-22,27.25
2016-06-23,27.25
2016-06-24,27.25
2016-06-27,27.25
2016-06-28,27.25
2016-06-29,26.5
2016-06-30,26.5
2016-07-01,26.5
2016-07-04,26.5
2016-07-05,26.5
2016-07-06,26.0
2016-07-07,26.0
2016-07-11,26.0
2016-07-12,26.0
2016-07-13,26.0
2016-07-14,26.0
2016-07-15,26.0
2016-07-18,26.0
2016-07-19,26.0
2016-07-20,26.0
2016-07-21,26.0
2016-07-22,26.0
2016-07-25,26.0
2016-07-26,26.0
2016-07-27,26.0
2016-07-28,26.0
2016-07-29,26.0
2016-08-01,26.0
2016-08-02,26.0
2016-08-03,25.75
2016-08-04,25.75
2016-08-05,25.75
2016-08-08,25.75
2016-08-09,25.75
2016-08-10,25.5
2016-08-11,25.5
2016-08-12,25.5
2016-08-16,25.5
2016-08-17,25.0
2016-08-18,25.0
2016-08-19,25.0
2016-08-22,25.0
2016-08-23,25.0
2016-08-24,24.5
2016-08-25,24.5
2016-08-26,24.5
2016-08-29,24.5
2016-08-30,24.5
2016-08-31,24.0
2016-09-01,24.0
2016-09-02,24.0
2016-09-05,24.0
2016-09-06,24.0
2016-09-07,23.5
2016-09-08,23.5
2016-09-09,23.5
2016-09-12,23.5
2016-09-13,23.5
2016-09-14,23.0
2016-09-15,23.0
2016-09-16,23.0
2016-09-19,23.0
2016-09-20,23.0
2016-09-21,22.5
2016-09-22,22.5
2016-09-23,22.5
2016-09-26,22.5
2016-09-27,22.5
2016-09-28,22.5
2016-09-29,22.5
2016-09-30,22.5
2016-10-03,22.5
2016-10-04,22.5
2016-10-05,22.5
2016-10-06,22.5
2016-10-07,22.5
2016-10-11,22.5
2016-10-12,22.5
2016-10-13,22.5
2016-10-14,22.5
2016-10-17,22.5
2016-10-18,22.5
2016-10-19,22.5
2016-10-20,22.5
2016-10-21,22.5
2016-10-24,22.5
2016-10-25,22.5
2016-10-26,22.5
2016-10-27,22.5
2016-10-28,22.5
2016-10-31,22.5
2016-11-01,22.5
2016-11-02,22.5
2016-11-03,22.5
2016-11-04,22.5
2016-11-07,22.5
2016-11-08,22.5
2016-11-09,22.25
2016-11-10,22.25
2016-11-11,22.25
2016-11-14,22.25
2016-11-15,22.25
2016-11-16,21.75
2016-11-17,21.75
2016-11-18,21.75
2016-11-21,21.75
2016-11-22,21.75
2016-11-23,21.25
2016-11-24,21.25
2016-11-25,21.25
2016-11-29,21.25
2016-11-30,20.75
2016-12-01,20.75
2016-12-02,20.75
2016-12-05,20.75
2016-12-06,20.75
2016-12-07,21.75
2016-12-12,21.75
2016-12-13,21.75
2016-12-14,22.25
2016-12-15,22.25
2016-12-16,22.25
2016-12-19,22.25
2016-12-20,22.25
2016-12-21,22.75
2016-12-22,22.75
2016-12-23,22.75
2016-12-26,22.75
2016-12-27,22.75
2016-12-28,22.75
2016-12-29,22.75
2016-12-30,22.75
2017-01-02,22.75
2017-01-03,22.75
2017-01-04,22.75
2017-01-05,22.75
2017-01-06,22.75
2017-01-09,22.75
2017-01-10,22.75
2017-01-11,22.75
2017-01-12,22.75
2017-01-13,22.75
2017-01-16,22.75
2017-01-17,22.75
2017-01-18,22.75
2017-01-19,22.75
2017-01-20,22.75
2017-01-23,22.75
2017-01-24,22.75
2017-01-25,22.75
2017-01-26,22.75
2017-01-27,22.75
2017-01-30,22.75
2017-01-31,22.75
2017-02-01,22.75
2017-02-02,22.75
2017-02-03,22.75
2017-02-06,22.75
2017-02-07,22.75
2017-02-08,22.75
2017-02-09,22.75
2017-02-10,22.75
2017-02-13,22.75
2017-02-14,22.75
2017-02-15,22.75
2017-02-16,22.75
2017-02-17,22.75
2017-02-20,22.75
2017-02-21,22.75
2017-02-22,22.75
2017-02-23,22.75
2017-02-24,22.75
2017-03-01,22.75
2017-03-02,22.75
2017-03-03,22.75
2017-03-06,22.75
2017-03-07,22.75
2017-03-08,22.75
2017-03-09,22.75
2017-03-10,22.75
2017-03-13,22.75
2017-03-14,22.75
2017-03-15,22.75
2017-03-16,22.75
2017-03-17,22.75
2017-03-20,22.75
2017-03-21,22.75
2017-03-22,22.75
2017-03-23,22.75
2017-03-27,22.75
2017-03-28,22.75
2017-03-29,22.75
2017-03-30,22.75
2017-03-31,22.75
2017-04-03,22.75
2017-04-04,22.75
2017-04-05,22.75
2017-04-06,22.75
2017-04-07,22.75
2017-04-10,22.75
2017-04-11,22.75
2017-04-12,24.25
2017-04-17,24.25
2017-04-18,24.25
2017-04-19,24.25
2017-04-20,24.25
2017-04-21,24.25
2017-04-24,24.25
2017-04-25,24.25
2017-04-26,24.25
2017-04-27,24.25
2017-04-28,24.25
2017-05-02,24.25
2017-05-03,24.25
2017-05-04,24.25
2017-05-05,24.25
2017-05-08,24.25
2017-05-09,24.25
2017-05-10,24.25
2017-05-11,24.25
2017-05-12,24.25
2017-05-15,24.25
2017-05-16,24.25
2017-05-17,24.25
2017-05-18,24.25
2017-05-19,24.25
2017-05-22,24.25
2017-05-23,24.25
2017-05-24,24.25
2017-05-26,24.25
2017-05-29,24.25
2017-05-30,24.25
2017-05-31,24.25
2017-06-01,24.25
2017-06-02,24.25
2017-06-05,24.25
2017-06-06,24.25
2017-06-07,24.25
2017-06-08,24.25
2017-06-09,24.25
2017-06-12,24.25
2017-06-13,24.25
2017-06-14,24.25
2017-06-15,24.25
2017-06-16,24.25
2017-06-19,24.25
2017-06-21,24.25
2017-06-22,24.25
2017-06-23,24.25
2017-06-26,24.25
2017-06-27,24.25
2017-06-28,24.25
2017-06-29,24.25
2017-06-30,24.25
2017-07-03,24.25
2017-07-04,24.25
2017-07-05,24.25
2017-07-06,24.25
2017-07-07,24.25
2017-07-10,24.25
2017-07-11,24.25
2017-07-12,24.25
2017-07-13,24.25
2017-07-14,24.25
2017-07-17,24.25
2017-07-18,24.25
2017-07-19,24.25
2017-07-20,24.25
2017-07-21,24.25
2017-07-24,24.25
2017-07-25,24.25
2017-07-26,24.25
2017-07-27,24.25
2017-07-28,24.25
2017-07-31,24.25
2017-08-01,24.25
2017-08-02,24.25
2017-08-03,24.25
2017-08-04,24.25
2017-08-07,24.25
2017-08-08,24.25
2017-08-09,24.25
2017-08-10,24.25
2017-08-11,24.25
2017-08-14,24.25
2017-08-15,24.25
2017-08-16,24.25
2017-08-17,24.25
2017-08-18,24.25
2017-08-22,24.25
2017-08-23,24.25
2017-08-24,24.25
2017-08-25,24.25
2017-08-28,24.25
2017-08-29,24.25
2017-08-30,24.25
2017-08-31,24.25
2017-09-01,24.25
2017-09-04,24.25
2017-09-05,24.25
2017-09-06,24.25
2017-09-07,24.25
2017-09-08,24.25
2017-09-11,24.25
2017-09-12,24.25
2017-09-13,24.25
2017-09-14,24.25
2017-09-15,24.25
2017-09-18,24.25
2017-09-19,24.25
2017-09-20,24.25
2017-09-21,24.25
2017-09-22,24.25
2017-09-25,24.25
2017-09-26,24.25
2017-09-27,24.25
2017-09-28,24.25
2017-09-29,24.25
2017-10-02,24.25
2017-10-03,24.25
2017-10-04,24.25
2017-10-05,24.25
2017-10-06,24.25
2017-10-09,24.25
2017-10-10,24.25
2017-10-11,24.25
2017-10-12,24.25
2017-10-13,24.25
2017-10-17,24.25
2017-10-18,24.25
2017-10-19,24.25
2017-10-20,24.25
2017-10-23,24.25
2017-10-24,24.25
2017-10-25,25.75
2017-10-26,25.75
2017-10-27,25.75
2017-10-30,25.75
2017-10-31,25.75
2017-11-01,25.75
2017-11-02,25.75
2017-11-03,25.75
2017-11-07,25.75
2017-11-08,26.75
2017-11-09,26.75
2017-11-10,26.75
2017-11-13,26.75
2017-11-14,26.75
2017-11-15,26.75
2017-11-16,26.75
2017-11-17,26.75
2017-11-21,26.75
2017-11-22,26.75
2017-11-23,26.75
2017-11-24,26.75
2017-11-27,26.75
2017-11-28,26.75
2017-11-29,26.75
2017-11-30,26.75
2017-12-01,26.75
2017-12-04,26.75
2017-12-05,26.75
2017-12-06,26.75
2017-12-07,26.75
2017-12-11,26.75
2017-12-12,26.75
2017-12-13,26.75
2017-12-14,26.75
2017-12-15,26.75
2017-12-18,26.75
2017-12-19,26.75
2017-12-20,26.75
2017-12-21,26.75
2017-12-22,26.75
2017-12-26,26.75
2017-12-27,26.75
2017-12-28,26.75
2017-12-29,26.75
2018-01-02,26.75
2018-01-03,26.75
2018-01-04,26.75
2018-01-05,26.75
2018-01-08,26.75
2018-01-09,26.75
2018-01-10,26.0
2018-01-11,26.0
2018-01-12,26.0
2018-01-15,26.0
2018-01-16,26.0
2018-01-17,26.0
2018-01-18,26.0
2018-01-19,26.0
2018-01-22,26.0
2018-01-23,26.0
2018-01-24,25.25
2018-01-25,25.25
2018-01-26,25.25
2018-01-29,25.25
2018-01-30,25.25
2018-01-31,25.25
2018-02-01,25.25
2018-02-02,25.25
2018-02-05,25.25
2018-02-06,25.25
2018-02-07,25.25
2018-02-08,25.25
2018-02-09,25.25
2018-02-14,25.25
2018-02-15,25.25
2018-02-16,25.25
2018-02-19,25.25
2018-02-20,25.25
2018-02-21,25.25
2018-02-22,25.25
2018-02-23,25.25
2018-02-26,25.25
2018-02-27,25.25
2018-02-28,25.25
2018-03-01,25.25
2018-03-02,25.25
2018-03-05,25.25
2018-03-06,25.25
2018-03-07,25.25
2018-03-08,25.25
2018-03-09,25.25
2018-03-12,25.25
2018-03-13,25.25
2018-03-14,25.25
2018-03-15,25.25
2018-03-16,25.25
2018-03-19,25.25
2018-03-20,25.25
2018-03-21,25.25
2018-03-22,25.25
2018-03-23,25.25
2018-03-26,25.25
2018-03-27,25.25
2018-03-28,25.25
2018-04-03,25.25
2018-04-04,25.25
2018-04-05,25.25
2018-04-06,25.25
2018-04-09,25.25
2018-04-10,25.25
2018-04-11,25.25
2018-04-12,25.25
2018-04-13,25.25
2018-04-16,25.25
2018-04-17,25.25
2018-04-18,25.25
2018-04-19,25.25
2018-04-20,25.25
2018-04-23,25.25
2018-04-24,25.25
2018-04-25,25.25
2018-04-26,25.25
2018-04-27,28.25
2018-05-02,28.25
2018-05-03,31.25
2018-05-04,28.0
2018-05-07,28.0
2018-05-08,28.0
2018-05-09,28.0
2018-05-10,28.0
2018-05-11,28.0
2018-05-14,28.0
2018-05-15,28.0
2018-05-16,28.0
2018-05-17,28.0
2018-05-18,28.0
2018-05-21,28.0
2018-05-22,28.0
2018-05-23,28.0
2018-05-24,28.0
2018-05-28,28.0
2018-05-29,28.0
2018-05-30,28.0
2018-05-31,28.0
2018-06-01,28.0
2018-06-04,28.0
2018-06-05,28.0
2018-06-06,28.0
2018-06-07,28.0
2018-06-08,28.0
2018-06-11,28.0
2018-06-12,28.0
2018-06-13,35.0
2018-06-14,35.0
2018-06-15,35.0
2018-06-18,35.0
2018-06-19,35.0
2018-06-21,35.0
2018-06-22,35.0
2018-06-25,35.0
2018-06-26,35.0
2018-06-27,35.0
2018-06-28,35.0
2018-06-29,35.0
2018-07-02,35.0
2018-07-03,35.0
2018-07-04,35.0
2018-07-05,35.0
2018-07-06,35.0
2018-07-10,35.0
2018-07-11,35.0
2018-07-12,35.0
2018-07-13,35.0
2018-07-16,35.0
2018-07-17,35.0
2018-07-18,35.0
2018-07-19,35.0
2018-07-20,35.0
2018-07-23,35.0
2018-07-24,35.0
2018-07-25,35.0
2018-07-26,35.0
2018-07-27,35.0
2018-07-30,35.0
2018-07-31,35.0
2018-08-01,35.0
2018-08-02,35.0
2018-08-03,35.0
2018-08-06,35.0
2018-08-07,35.0
2018-08-08,35.0
2018-08-09,35.0
2018-08-10,35.0
2018-08-13,35.0
2018-08-14,35.0
2018-08-15,35.0
2018-08-16,35.0
2018-08-17,35.0
2018-08-21,35.0
2018-08-22,35.0
2018-08-23,35.0
2018-08-24,35.0
2018-08-27,35.0
2018-08-28,35.0
2018-08-29,35.0
2018-08-30,50.0
2018-08-31,50.0
2018-09-03,50.0
2018-09-04,50.0
2018-09-05,50.0
2018-09-06,50.0
2018-09-07,50.0
2018-09-10,50.0
2018-09-11,50.0
2018-09-12,50.0
2018-09-13,50.0
2018-09-14,50.0
2018-09-17,50.0
2018-09-18,50.0
2018-09-19,50.0
2018-09-20,50.0
2018-09-21,50.0
2018-09-24,50.0
2018-09-25,50.0
2018-09-26,50.0
2018-09-27,50.0
2018-09-28,50.0
2018-10-01,48.0
2018-10-02,48.0
2018-10-03,48.0
2018-10-04,52.0
2018-10-05,52.0
2018-10-08,52.0
2018-10-09,52.0
2018-10-10,52.0
2018-10-11,52.0
2018-10-12,52.0
2018-10-16,52.0
2018-10-17,52.0
2018-10-18,52.0
2018-10-19,52.0
2018-10-22,52.0
2018-10-23,52.0
2018-10-24,52.0
2018-10-25,52.0
2018-10-26,52.0
2018-10-29,52.0
2018-10-30,52.0
2018-10-31,58.5
2018-11-01,52.0
2018-11-02,52.0
2018-11-05,52.0
2018-11-07,52.0
2018-11-08,52.0
2018-11-09,52.0
2018-11-12,52.0
2018-11-13,52.0
2018-11-14,48.0
2018-11-15,48.0
2018-11-16,48.0
2018-11-20,48.0
2018-11-21,48.0
2018-11-22,48.0
2018-11-23,48.0
2018-11-26,48.0
2018-11-27,48.0
2018-11-28,48.0
2018-11-29,48.0
2018-12-03,48.0
2018-12-04,48.0
2018-12-05,45.6
2018-12-06,45.6
2018-12-07,45.6
2018-12-10,45.6
2018-12-11,45.6
2018-12-12,45.6
2018-12-13,45.6
2018-12-14,45.6
2018-12-17,46.4
2018-12-18,46.72
2018-12-19,46.72
2018-12-20,46.72
2018-12-21,46.72
2018-12-26,46.53
2018-12-27,46.53
2018-12-28,46.53
2019-01-02,46.53
2019-01-03,46.53
2019-01-04,46.78
2019-01-07,46.78
2019-01-08,46.6
2019-01-09,46.4
2019-01-10,46.2
2019-01-11,45.6
2019-01-14,45.6
2019-01-15,45.6
2019-01-16,45.44
2019-01-17,45.28
2019-01-18,43.48
2019-01-21,43.48
2019-01-22,43.48
2019-01-23,43.48
2019-01-24,43.48
2019-01-25,44.6
2019-01-28,44.2
2019-01-29,43.98
2019-01-30,42.8
2019-01-31,41.6
2019-02-01,46.35
2019-02-04,40.0
2019-02-05,39.58
2019-02-06,38.78
2019-02-07,36.8
2019-02-08,35.95
2019-02-11,35.11
2019-02-12,38.97
2019-02-13,38.7
2019-02-14,38.7
2019-02-15,38.7
2019-02-18,38.7
2019-02-19,38.7
2019-02-20,36.45
2019-02-21,36.45
2019-02-22,36.45
2019-02-25,32.4
2019-02-26,32.4
2019-02-27,35.2
2019-02-28,37.6
2019-03-01,37.6
2019-03-06,38.4
2019-03-07,38.4
2019-03-08,45.6
2019-03-11,38.4
2019-03-12,46.31
2019-03-13,47.02
2019-03-14,49.4
2019-03-15,54.15
2019-03-18,52.2
2019-03-19,54.9
2019-03-20,55.79
2019-03-21,55.79
2019-03-22,55.89
2019-03-25,56.69
2019-03-26,57.24
2019-03-27,58.49
2019-03-28,58.86
2019-03-29,58.86
2019-04-01,58.86
2019-04-03,58.86
2019-04-04,59.49
2019-04-05,59.49
2019-04-08,59.49
2019-04-09,59.94
2019-04-10,59.76
2019-04-11,59.67
2019-04-12,59.67
2019-04-15,59.58
2019-04-16,59.58
2019-04-17,59.58
2019-04-22,59.58
2019-04-23,59.58
2019-04-24,59.81
2019-04-25,59.84
2019-04-26,59.84
2019-04-29,60.03
2019-04-30,60.97
2019-05-02,61.2
2019-05-03,61.2
2019-05-06,64.03
2019-05-07,65.02
2019-05-08,64.97
2019-05-09,64.8
2019-05-10,64.22
2019-05-13,63.9
2019-05-14,63.9
2019-05-15,63.8
2019-05-16,63.8
2019-05-17,63.8
2019-05-20,63.8
2019-05-21,63.14
2019-05-22,62.98
2019-05-23,62.98
2019-05-24,62.98
2019-05-27,62.98
2019-05-28,62.98
2019-05-29,63.18
2019-05-30,63.18
2019-05-31,63.18
2019-06-03,63.22
2019-06-04,63.0
2019-06-05,62.99
2019-06-06,62.77
2019-06-07,61.88
2019-06-10,61.88
2019-06-11,61.74
2019-06-12,59.84
2019-06-13,59.84
2019-06-14,59.28
2019-06-18,58.94
2019-06-19,57.83
2019-06-21,56.97
2019-06-24,56.51
2019-06-25,56.25
2019-06-26,56.25
2019-06-27,56.25
2019-06-28,56.25
2019-07-01,55.29
2019-07-02,54.71
2019-07-03,53.91
2019-07-04,53.55
2019-07-05,53.53
2019-07-10,53.1
2019-07-11,53.05
2019-07-12,52.74
2019-07-15,52.69
2019-07-16,52.51
2019-07-17,52.51
2019-07-18,52.51
2019-07-19,52.51
2019-07-22,52.51
2019-07-23,52.56
2019-07-24,52.56
2019-07-25,52.56
2019-07-26,52.65
2019-07-29,52.71
2019-07-30,52.92
2019-07-31,53.01
2019-08-01,53.1
2019-08-02,53.64
2019-08-05,53.95
2019-08-06,54.09
2019-08-07,54.18
2019-08-08,54.42
2019-08-09,54.9
2019-08-12,55.13
2019-08-13,56.02
2019-08-14,56.64
2019-08-15,57.04
2019-08-16,63.0
2019-08-20,64.8
2019-08-21,66.82
2019-08-22,67.14
2019-08-23,67.23
2019-08-26,67.32
2019-08-27,67.41
2019-08-28,67.41
2019-08-29,67.41
2019-08-30,67.41
2019-09-02,67.41
2019-09-03,67.41
2019-09-04,67.45
2019-09-05,67.5
2019-09-06,67.5
2019-09-09,73.8
2019-09-10,76.04
2019-09-11,76.04
2019-09-12,76.04
2019-09-13,74.24
2019-09-16,74.24
2019-09-17,73.8
2019-09-18,73.8
2019-09-19,71.1
2019-09-20,71.1
2019-09-23,71.1
2019-09-24,70.21
2019-09-25,70.21
2019-09-26,70.21
2019-09-27,70.21
2019-09-30,70.2
2019-10-01,68.0
2019-10-02,67.36
2019-10-03,66.48
2019-10-04,65.61
2019-10-07,63.85
2019-10-08,62.93
2019-10-09,62.11
2019-10-10,60.8
2019-10-11,59.52
2019-10-15,59.5
2019-10-16,59.5
2019-10-17,59.5
2019-10-18,59.5
2019-10-21,59.5
2019-10-22,59.5
2019-10-23,59.5
2019-10-24,59.5
2019-10-25,59.5
2019-10-28,59.5
2019-10-29,59.5
2019-10-30,59.5
2019-10-31,59.5
2019-11-01,58.65
2019-11-04,57.69
2019-11-05,56.82
2019-11-07,56.01
2019-11-08,55.31
2019-11-11,55.17
2019-11-12,55.13
2019-11-13,55.13
2019-11-14,55.13
2019-11-15,55.13
2019-11-19,55.13
2019-11-20,55.13
2019-11-21,55.13
2019-11-22,55.13
2019-11-25,55.13
2019-11-26,55.13
2019-11-27,55.13
2019-11-28,55.13
2019-11-29,55.13
2019-12-02,55.13
2019-12-03,55.13
2019-12-04,55.13
2019-12-05,55.13
2019-12-06,55.13
2019-12-09,55.13
2019-12-10,55.13
2019-12-11,55.13
2019-12-12,55.13
2019-12-13,55.13
2019-12-16,55.13
2019-12-17,55.13
2019-12-18,55.13
2019-12-19,55.13
2019-12-20,50.75
2019-12-23,50.75
2019-12-26,50.75
2019-12-27,48.13
2019-12-30,48.13
2020-01-02,48.13
2020-01-03,48.13
2020-01-06,48.13
2020-01-07,48.13
2020-01-08,48.13
2020-01-09,48.13
2020-01-10,45.5
2020-01-13,45.5
2020-01-14,45.5
2020-01-15,45.5
2020-01-16,45.5
2020-01-17,43.75
2020-01-20,43.75
2020-01-21,43.75
2020-01-22,43.75
2020-01-23,43.75
2020-01-24,43.75
2020-01-27,25.0
2020-01-28,25.0
2020-01-29,25.0
2020-01-30,25.0
2020-01-31,25.0
2020-02-03,25.0
2020-02-04,24.0
2020-02-05,24.0
2020-02-06,24.0
2020-02-07,24.0
2020-02-10,24.0
2020-02-11,24.0
2020-02-12,24.0
2020-02-13,24.0
2020-02-14,24.0
2020-02-17,24.0
2020-02-18,22.0
2020-02-19,22.0
2020-02-20,20.0
2020-02-21,20.0
2020-02-26,20.0
2020-02-27,20.0
2020-02-28,20.0
2020-03-02,20.0
2020-03-03,20.0
2020-03-04,20.0
2020-03-05,20.0
2020-03-06,16.0
2020-03-09,16.0
2020-03-10,15.2
2020-03-11,15.2
2020-03-12,15.2
2020-03-13,15.2
2020-03-16,15.2
2020-03-17,15.2
2020-03-18,15.2
2020-03-19,15.2
2020-03-20,11.4
2020-03-25,11.4
2020-03-26,11.4
2020-03-27,11.4
2020-03-30,11.4
2020-04-01,11.4
2020-04-02,11.4
2020-04-03,11.4
2020-04-06,11.4
2020-04-07,11.4
2020-04-08,11.4
2020-04-13,11.4
2020-04-14,11.4
2020-04-15,11.4
2020-04-16,11.4
2020-04-17,11.4
2020-04-20,11.4
2020-04-21,11.4
2020-04-22,11.4
2020-04-23,11.4
2020-04-24,15.2
2020-04-27,15.2
2020-04-28,15.2
2020-04-29,15.2
2020-04-30,15.2
2020-05-04,15.2
2020-05-05,15.2
2020-05-06,15.2
2020-05-07,15.2
2020-05-08,15.2
2020-05-11,15.2
2020-05-12,15.2
2020-05-13,15.2
2020-05-14,15.2
2020-05-15,15.2
2020-05-18,19.0
2020-05-19,19.0
2020-05-20,19.0
2020-05-21,19.0
2020-05-22,19.0
2020-05-26,19.0
2020-05-27,19.0
2020-05-28,19.0
2020-05-29,19.0
2020-06-01,19.0
2020-06-02,19.0
2020-06-03,19.0
2020-06-04,19.0
2020-06-05,19.0
2020-06-08,19.0
2020-06-09,19.0
2020-06-10,19.0
2020-06-11,19.0
2020-06-12,19.0
2020-06-16,19.0
2020-06-17,19.0
2020-06-18,19.0
2020-06-19,19.0
2020-06-22,19.0
2020-06-23,19.0
2020-06-24,19.0
2020-06-25,19.0
2020-06-26,19.0
2020-06-29,19.0
2020-06-30,19.0
2020-07-01,19.0
2020-07-02,19.0
2020-07-03,19.0
2020-07-06,19.0
2020-07-07,19.0
2020-07-08,19.0
2020-07-13,19.0
2020-07-14,19.0
2020-07-15,19.0
2020-07-16,19.0
2020-07-17,19.0
2020-07-20,19.0
2020-07-21,19.0
2020-07-22,19.0
2020-07-23,19.0
2020-07-24,19.0
2020-07-27,19.0
2020-07-28,19.0
2020-07-29,19.0
2020-07-30,19.0
2020-07-31,19.0
2020-08-03,19.0
2020-08-04,19.0
2020-08-05,19.0
2020-08-06,19.0
2020-08-07,19.0
2020-08-10,19.0
2020-08-11,19.0
2020-08-12,19.0
2020-08-13,19.0
2020-08-14,19.0
2020-08-18,19.0
2020-08-19,19.0
2020-08-20,19.0
2020-08-21,19.0
2020-08-24,19.0
2020-08-25,19.0
2020-08-26,19.0
2020-08-27,19.0
2020-08-28,19.0
2020-08-31,19.0
2020-09-01,19.0
2020-09-02,19.0
2020-09-03,19.0
2020-09-04,19.0
2020-09-07,19.0
2020-09-08,19.0
2020-09-09,19.0
2020-09-10,19.0
2020-09-11,19.0
2020-09-14,19.0
2020-09-15,19.0
2020-09-16,19.0
2020-09-17,19.0
2020-09-18,19.0
2020-09-21,19.0
2020-09-22,19.0
2020-09-23,19.0
2020-09-24,19.0
2020-09-25,19.0
2020-09-28,19.0
2020-09-29,19.0
2020-09-30,19.0
2020-10-01,19.0
2020-10-02,24.0
2020-10-05,24.0
2020-10-06,24.0
2020-10-07,24.0
2020-10-08,24.0
2020-10-09,27.0
2020-10-13,27.0
2020-10-14,27.0
2020-10-15,27.0
2020-10-16,30.0
2020-10-19,30.0
2020-10-20,30.0
2020-10-21,30.0
2020-10-22,30.0
2020-10-23,30.0
2020-10-26,30.0
2020-10-27,30.0
2020-10-28,30.0
2020-10-29,31.0
2020-10-30,31.0
2020-11-02,31.0
2020-11-03,31.0
2020-11-04,31.0
2020-11-05,31.0
2020-11-09,31.0
2020-11-10,31.0
2020-11-11,31.0
2020-11-12,31.0
2020-11-13,32.0
2020-11-16,32.0
2020-11-17,32.0
2020-11-18,32.0
2020-11-19,32.0
2020-11-20,32.0
2020-11-24,32.0
2020-11-25,32.0
2020-11-26,32.0
2020-11-27,32.0
2020-11-30,32.0
2020-12-01,32.0
2020-12-02,32.0
2020-12-03,32.0
2020-12-04,32.0
2020-12-09,32.0
2020-12-10,32.0
2020-12-11,32.0
2020-12-14,32.0
2020-12-15,32.0
2020-12-16,32.0
2020-12-17,32.0
2020-12-18,32.0
2020-12-21,32.0
2020-12-22,32.0
2020-12-23,32.0
2020-12-28,32.0
2020-12-29,32.0
2020-12-30,32.0
2021-01-04,32.0
2021-01-05,32.0
2021-01-06,32.0
2021-01-07,32.0
2021-01-08,32.0
2021-01-11,32.0
2021-01-12,32.0
2021-01-13,32.0
2021-01-14,32.0
2021-01-15,32.0
2021-01-18,32.0
2021-01-19,32.0
2021-01-20,32.0
2021-01-21,32.0
2021-01-22,32.0
2021-01-25,32.0
2021-01-26,32.0
2021-01-27,32.0
2021-01-28,32.0
2021-01-29,32.0
2021-02-01,32.0
2021-02-02,32.0
2021-02-03,32.0
2021-02-04,32.0
2021-02-05,32.0
2021-02-08,32.0
2021-02-09,32.0
2021-02-10,32.0
2021-02-11,32.0
2021-02-12,32.0
2021-02-17,32.0
2021-02-18,32.0
2021-02-19,32.0
2021-02-22,32.0
2021-02-23,32.0
2021-02-24,32.0
2021-02-25,32.0
2021-02-26,32.0
2021-03-01,32.0
2021-03-02,32.0
2021-03-03,32.0
2021-03-04,32.0
2021-03-05,32.0
2021-03-08,32.0
2021-03-09,32.0
2021-03-10,32.0
2021-03-11,32.0
2021-03-12,32.0
2021-03-15,32.0
2021-03-16,32.0
2021-03-17,32.0
2021-03-18,32.0
2021-03-19,32.0
2021-03-22,32.0
2021-03-23,32.0
2021-03-25,32.0
2021-03-26,32.0
2021-03-29,32.0
2021-03-30,32.0
2021-03-31,32.0
2021-04-05,32.0
2021-04-06,32.0
2021-04-07,32.0
2021-04-08,32.0
2021-04-09,32.0
2021-04-12,32.0
2021-04-13,32.0
2021-04-14,32.0
2021-04-15,32.0
2021-04-16,32.0
2021-04-19,32.0
2021-04-20,32.0
2021-04-21,32.0
2021-04-22,32.0
2021-04-23,32.0
2021-04-26,32.0
2021-04-27,32.0
2021-04-28,32.0
2021-04-29,32.0
2021-04-30,32.0
2021-05-03,32.0
2021-05-04,32.0
2021-05-05,32.0
2021-05-06,32.0
2021-05-07,32.0
2021-05-10,32.0
2021-05-11,32.0
2021-05-12,32.0
2021-05-13,32.0
2021-05-14,32.0
2021-05-17,32.0
2021-05-18,32.0
2021-05-19,32.0
2021-05-20,32.0
2021-05-21,32.0
2021-05-26,32.0
2021-05-27,32.0
2021-05-28,32.0
2021-05-31,32.0
2021-06-01,32.0
2021-06-02,32.0
2021-06-03,32.0
2021-06-04,32.0
2021-06-07,32.0
2021-06-08,32.0
2021-06-09,32.0
2021-06-10,32.0
2021-06-11,32.0
2021-06-14,32.0
2021-06-15,32.0
2021-06-16,32.0
2021-06-17,32.0
2021-06-18,32.0
2021-06-22,32.0
2021-06-23,32.0
2021-06-24,32.0
2021-06-25,32.0
2021-06-28,32.0
2021-06-29,32.0
2021-06-30,32.0
2021-07-01,32.0
2021-07-02,32.0
2021-07-05,32.0
2021-07-06,32.0
2021-07-07,32.0
2021-07-08,32.0
2021-07-12,32.0
2021-07-13,32.0
2021-07-14,32.0
2021-07-15,32.0
2021-07-16,32.0
2021-07-19,32.0
2021-07-20,32.0
2021-07-21,32.0
2021-07-22,32.0
2021-07-23,32.0
2021-07-26,32.0
2021-07-27,32.0
2021-07-28,32.0
2021-07-29,32.0
2021-07-30,32.0
2021-08-02,32.0
2021-08-03,32.0
2021-08-04,32.0
2021-08-05,32.0
2021-08-06,32.0
2021-08-09,32.0
2021-08-10,32.0
2021-08-11,32.0
2021-08-12,32.0
2021-08-13,32.0
2021-08-17,32.0
2021-08-18,32.0
2021-08-19,32.0
2021-08-20,32.0
2021-08-23,32.0
2021-08-24,32.0
2021-08-25,32.0
2021-08-26,32.0
2021-08-27,32.0
2021-08-30,32.0
2021-08-31,32.0
2021-09-01,32.0
2021-09-02,32.0
2021-09-03,32.0
2021-09-06,32.0
2021-09-07,32.0
2021-09-08,32.0
2021-09-09,32.0
2021-09-10,32.0
2021-09-13,32.0
2021-09-14,32.0
2021-09-15,32.0
2021-09-16,32.0
2021-09-17,32.0
2021-09-20,32.0
2021-09-21,32.0
2021-09-22,32.0
2021-09-23,32.0
2021-09-24,32.0
2021-09-27,32.0
2021-09-28,32.0
2021-09-29,32.0
2021-09-30,32.0
2021-10-01,32.0
2021-10-04,32.0
2021-10-05,32.0
2021-10-06,32.0
2021-10-07,32.0
2021-10-12,32.0
2021-10-13,32.0
2021-10-14,32.0
2021-10-15,32.0
2021-10-18,32.0
2021-10-19,32.0
2021-10-20,32.0
2021-10-21,32.0
2021-10-22,32.0
2021-10-25,32.0
2021-10-26,32.0
2021-10-27,32.0
2021-10-28,32.0
2021-10-29,32.0
2021-11-01,32.0
2021-11-02,32.0
2021-11-03,32.0
2021-11-04,32.0
2021-11-05,32.0
2021-11-08,32.0
2021-11-09,32.0
2021-11-10,32.0
2021-11-11,32.0
2021-11-12,32.0
2021-11-15,32.0
2021-11-16,32.0
2021-11-17,32.0
2021-11-18,32.0
2021-11-19,32.0
2021-11-23,32.0
2021-11-24,32.0
2021-11-25,32.0
2021-11-26,32.0
2021-11-29,32.0
2021-11-30,32.0
2021-12-01,32.0
2021-12-02,32.0
2021-12-03,32.0
2021-12-06,32.0
2021-12-07,32.0
2021-12-09,32.0
2021-12-10,32.0
2021-12-13,32.0
2021-12-14,32.0
2021-12-15,32.0
2021-12-16,32.0
2021-12-17,32.0
2021-12-20,32.0
2021-12-21,32.0
2021-12-22,32.0
2021-12-23,32.0
2021-12-27,32.0
2021-12-28,32.0
2021-12-29,32.0
2021-12-30,32.0
2022-01-03,32.0
2022-01-04,32.0
2022-01-05,32.0
2022-01-06,32.0
2022-01-07,32.0
2022-01-10,32.0
2022-01-11,32.0
2022-01-12,32.0
2022-01-13,32.0
2022-01-14,32.0
2022-01-17,32.0
2022-01-18,32.0
2022-01-19,32.0
2022-01-20,32.0
2022-01-21,32.0
2022-01-24,32.0
2022-01-25,32.0
2022-01-26,32.0
2022-01-27,32.0
2022-01-28,32.0
2022-01-31,32.0
2022-02-01,32.0
2022-02-02,32.0
2022-02-03,32.0
2022-02-04,32.0
2022-02-07,32.0
2022-02-08,32.0
2022-02-09,32.0
2022-02-10,32.0
2022-02-11,32.0
2022-02-14,32.0
2022-02-15,32.0
2022-02-16,32.0
2022-02-17,32.0
2022-02-18,33.5
2022-02-21,33.5
2022-02-22,33.5
2022-02-23,33.5
2022-02-24,33.5
2022-02-25,33.5
2022-03-02,33.5
2022-03-03,33.5
2022-03-04,33.5
2022-03-07,33.5
2022-03-08,33.5
2022-03-09,33.5
2022-03-10,33.5
2022-03-11,33.5
2022-03-14,33.5
2022-03-15,33.5
2022-03-16,33.5
2022-03-17,33.5
2022-03-18,33.5
2022-03-21,33.5
2022-03-22,33.5
2022-03-23,34.5
2022-03-25,34.5
2022-03-28,34.5
2022-03-29,34.5
2022-03-30,34.5
2022-03-31,34.5
2022-04-01,34.5
2022-04-04,34.5
2022-04-05,34.5
2022-04-06,34.5
2022-04-07,34.5
2022-04-08,34.5
2022-04-11,34.5
2022-04-12,34.5
2022-04-13,34.5
2022-04-18,36.0
2022-04-19,36.0
2022-04-20,36.0
2022-04-21,36.0
2022-04-22,36.0
2022-04-25,36.0
2022-04-26,36.0
2022-04-27,36.0
2022-04-28,36.0
2022-04-29,36.0
2022-05-02,36.0
2022-05-03,36.0
2022-05-04,36.0
2022-05-05,36.0
2022-05-06,36.0
2022-05-09,36.0
2022-05-10,36.0
2022-05-11,36.0
2022-05-12,36.0
2022-05-13,37.5
2022-05-16,37.5
2022-05-17,37.5
2022-05-19,37.5
2022-05-20,37.5
2022-05-23,37.5
2022-05-24,37.5
2022-05-26,37.5
2022-05-27,37.5
2022-05-30,37.5
2022-05-31,37.5
2022-06-01,37.5
2022-06-02,37.5
2022-06-03,37.5
2022-06-06,37.5
2022-06-07,37.5
2022-06-08,37.5
2022-06-09,37.5
2022-06-10,37.5
2022-06-13,37.5
2022-06-14,37.5
2022-06-15,37.5
2022-06-16,37.5
2022-06-21,40.5
2022-06-22,40.5
2022-06-23,40.5
2022-06-24,40.5
2022-06-27,40.5
2022-06-28,40.5
2022-06-29,40.5
2022-06-30,40.5
2022-07-01,40.5
2022-07-04,40.5
2022-07-05,40.5
2022-07-06,40.5
2022-07-07,40.5
2022-07-08,40.5
2022-07-11,40.5
2022-07-12,40.5
2022-07-13,40.5
2022-07-14,40.5
2022-07-15,46.5
2022-07-18,46.5
2022-07-19,46.5
2022-07-20,46.5
2022-07-21,46.5
2022-07-22,46.5
2022-07-25,46.5
2022-07-26,46.5
2022-07-27,46.5
2022-07-28,55.0
2022-07-29,55.0
2022-08-01,55.0
2022-08-02,55.0
2022-08-03,55.0
2022-08-04,55.0
2022-08-05,55.0
2022-08-08,55.0
2022-08-09,55.0
2022-08-10,55.0
2022-08-11,64.5
2022-08-12,64.5
2022-08-16,64.5
2022-08-17,64.5
2022-08-18,64.5
2022-08-19,64.5
2022-08-22,64.5
2022-08-23,64.5
2022-08-24,64.5
2022-08-25,64.5
2022-08-26,64.5
2022-08-29,64.5
2022-08-30,64.5
2022-08-31,64.5
2022-09-01,64.5
2022-09-05,64.5
2022-09-06,64.5
2022-09-07,64.5
2022-09-08,64.5
2022-09-09,64.5
2022-09-12,64.5
2022-09-13,64.5
2022-09-14,64.5
2022-09-15,64.5
2022-09-16,70.0
2022-09-19,70.0
2022-09-20,70.0
2022-09-21,70.0
2022-09-22,70.0
2022-09-23,70.0
2022-09-26,70.0
2022-09-27,70.0
2022-09-28,70.0
2022-09-29,70.0
2022-09-30,70.0
2022-10-03,70.0
2022-10-04,70.0
2022-10-05,70.0
2022-10-06,70.0
2022-10-11,70.0
2022-10-12,70.0
2022-10-13,70.0
2022-10-14,70.0
2022-10-17,70.0
2022-10-18,70.0
2022-10-19,70.0
2022-10-20,70.0
2022-10-21,70.0
2022-10-24,70.0
2022-10-25,70.0
2022-10-26,70.0
2022-10-27,70.0
2022-10-28,70.0
2022-10-31,70.0
2022-11-01,70.0
2022-11-02,70.0
2022-11-03,70.0
2022-11-04,70.0
2022-11-07,70.0
2022-11-08,70.0
2022-11-09,70.0
2022-11-10,70.0
2022-11-11,70.0
2022-11-14,70.0
2022-11-15,70.0
2022-11-16,70.0
2022-11-17,70.0
2022-11-18,70.0
2022-11-22,70.0
2022-11-23,70.0
2022-11-24,70.0
2022-11-25,70.0
2022-11-28,70.0
2022-11-29,70.0
2022-11-30,70.0
2022-12-01,70.0
2022-12-02,70.0
2022-12-05,70.0
2022-12-06,70.0
2022-12-07,70.0
2022-12-12,70.0
2022-12-13,70.0
2022-12-14,70.0
2022-12-15,70.0
2022-12-16,70.0
2022-12-19,70.0
2022-12-20,70.0
2022-12-21,70.0
2022-12-22,70.0
2022-12-23,70.0
2022-12-26,70.0
2022-12-27,70.0
2022-12-28,70.0
2022-12-29,70.0
2022-12-30,70.0
2023-01-02,70.0
2023-01-03,70.0
2023-01-04,70.0
2023-01-05,70.0
2023-01-06,70.0
2023-01-09,70.0
2023-01-10,70.0
2023-01-11,70.0
2023-01-12,70.0
2023-01-13,70.0
2023-01-16,70.0
2023-01-17,70.0
2023-01-18,72.0
2023-01-19,72.0
2023-01-20,72.0
2023-01-23,72.0
2023-01-24,72.0
2023-01-25,72.0
2023-01-26,72.0
2023-01-27,72.0
2023-01-30,72.0
2023-01-31,72.0
2023-02-01,72.0
2023-02-02,72.0
2023-02-03,72.0
2023-02-06,72.0
2023-02-07,72.0
2023-02-08,72.0
2023-02-09,72.0
2023-02-10,72.0
2023-02-13,72.0
2023-02-14,72.0
2023-02-15,72.0
2023-02-16,72.0
2023-02-17,72.0
2023-02-22,72.0
2023-02-23,72.0
2023-02-24,72.0
2023-02-27,72.0
2023-02-28,72.0
2023-03-01,72.0
2023-03-02,72.0
2023-03-03,72.0
2023-03-06,72.0
2023-03-07,72.0
2023-03-08,72.0
2023-03-09,72.0
2023-03-10,72.0
2023-03-13,72.0
2023-03-14,72.0
2023-03-15,72.0
2023-03-16,72.0
2023-03-17,72.0
2023-03-20,72.0
2023-03-21,72.0
2023-03-22,72.0
2023-03-23,72.0
2023-03-27,72.0
2023-03-28,72.0
2023-03-29,72.0
2023-03-30,72.0
2023-03-31,72.0
2023-04-03,72.0
2023-04-04,72.0
2023-04-05,72.0
2023-04-10,72.0
2023-04-11,72.0
2023-04-12,72.0
2023-04-13,72.0
2023-04-14,72.0
2023-04-17,72.0
2023-04-18,72.0
2023-04-19,72.0
2023-04-20,75.0
2023-04-21,75.0
2023-04-24,75.0
2023-04-25,75.0
2023-04-26,75.0
2023-04-27,85.0
2023-04-28,85.0
2023-05-02,85.0
2023-05-03,85.0
2023-05-04,85.0
2023-05-05,85.0
2023-05-08,85.0
2023-05-09,85.0
2023-05-10,85.0
2023-05-11,85.0
2023-05-12,85.0
2023-05-15,91.0
2023-05-16,91.0
2023-05-17,91.0
2023-05-18,91.0
2023-05-19,91.0
2023-05-22,91.0
2023-05-23,91.0
2023-05-24,91.0
2023-05-29,91.0
2023-05-30,91.0
2023-05-31,91.0
2023-06-01,91.0
2023-06-02,91.0
2023-06-05,91.0
2023-06-06,91.0
2023-06-07,91.0
2023-06-08,91.0
2023-06-09,91.0
2023-06-12,91.0
2023-06-13,91.0
2023-06-14,91.0
2023-06-15,91.0
2023-06-16,91.0
2023-06-21,91.0
2023-06-22,91.0
2023-06-23,91.0
2023-06-26,91.0
2023-06-27,91.0
2023-06-28,91.0
2023-06-29,91.0
2023-06-30,91.0
2023-07-03,91.0
2023-07-04,91.0
2023-07-05,91.0
2023-07-06,91.0
2023-07-07,91.0
2023-07-10,91.0
2023-07-11,91.0
2023-07-12,91.0
2023-07-13,91.0
2023-07-14,91.0
2023-07-17,91.0
2023-07-18,91.0
2023-07-19,91.0
2023-07-20,91.0
2023-07-21,91.0
2023-07-24,91.0
2023-07-25,91.0
2023-07-26,91.0
2023-07-27,91.0
2023-07-28,91.0
2023-07-31,91.0
2023-08-01,91.0
2023-08-02,91.0
2023-08-03,91.0
2023-08-04,91.0
2023-08-07,91.0
2023-08-08,91.0
2023-08-09,91.0
2023-08-10,91.0
2023-08-11,91.0
2023-08-14,111.0
2023-08-15,111.0
2023-08-16,111.0
2023-08-17,111.0
2023-08-18,111.0
2023-08-22,111.0
2023-08-23,111.0
2023-08-24,111.0
2023-08-25,111.0
2023-08-28,111.0
2023-08-29,111.0
2023-08-30,111.0
2023-08-31,111.0
2023-09-01,111.0
2023-09-04,111.0
2023-09-05,111.0
2023-09-06,111.0
2023-09-07,111.0
2023-09-08,111.0
2023-09-11,111.0
2023-09-12,111.0
2023-09-13,111.0
2023-09-14,111.0
2023-09-15,111.0
2023-09-18,111.0
2023-09-19,111.0
2023-09-20,111.0
2023-09-21,111.0
2023-09-22,111.0
2023-09-25,111.0
2023-09-26,111.0
2023-09-27,111.0
2023-09-28,111.0
2023-09-29,111.0
2023-10-02,111.0
2023-10-03,111.0
2023-10-04,111.0
2023-10-05,111.0
2023-10-06,111.0
2023-10-09,111.0
2023-10-10,111.0
2023-10-11,111.0
2023-10-12,111.0
2023-10-17,126.0
2023-10-18,126.0
2023-10-19,126.0
2023-10-20,126.0
2023-10-23,126.0
2023-10-24,126.0
2023-10-25,126.0
2023-10-26,126.0
2023-10-27,126.0
2023-10-30,126.0
2023-10-31,126.0
2023-11-01,126.0
2023-11-02,126.0
2023-11-03,126.0
2023-11-07,126.0
2023-11-08,126.0
2023-11-09,126.0
2023-11-10,126.0
2023-11-13,126.0
2023-11-14,126.0
2023-11-15,126.0
2023-11-16,126.0
2023-11-17,126.0
2023-11-21,126.0
2023-11-22,126.0
2023-11-23,126.0
2023-11-24,126.0
2023-11-27,126.0
2023-11-28,126.0
2023-11-29,126.0
2023-11-30,126.0
2023-12-01,126.0
2023-12-04,126.0
2023-12-05,126.0
2023-12-06,126.0
2023-12-07,126.0
2023-12-11,126.0
2023-12-12,126.0
2023-12-13,100.0
2023-12-14,100.0
2023-12-15,100.0
2023-12-18,100.0
2023-12-19,100.0
2023-12-20,100.0
2023-12-21,100.0
2023-12-22,100.0
2023-12-26,100.0
2023-12-27,100.0
2023-12-28,100.0
2023-12-29,100.0
2024-01-02,100.0
2024-01-03,100.0
2024-01-04,100.0
2024-01-05,100.0
2024-01-08,100.0
2024-01-09,100.0
2024-01-10,100.0
2024-01-11,100.0
2024-01-12,100.0
2024-01-15,100.0
2024-01-16,100.0
2024-01-17,100.0
2024-01-18,100.0
2024-01-19,100.0
2024-01-22,100.0
2024-01-23,100.0
2024-01-24,100.0
2024-01-25,100.0
2024-01-26,100.0
2024-01-29,100.0
2024-01-30,100.0
2024-01-31,100.0
2024-02-01,100.0
2024-02-02,100.0
2024-02-05,100.0
2024-02-06,100.0
2024-02-07,100.0
2024-02-08,100.0
2024-02-09,100.0
2024-02-14,100.0
2024-02-15,100.0
2024-02-16,100.0
2024-02-19,100.0
2024-02-20,100.0
2024-02-21,100.0
2024-02-22,100.0
2024-02-23,100.0
2024-02-26,100.0
2024-02-27,100.0
2024-02-28,100.0
2024-02-29,100.0
2024-03-01,100.0
2024-03-04,100.0
2024-03-05,100.0
2024-03-06,100.0
2024-03-07,100.0
2024-03-08,100.0
2024-03-11,100.0
2024-03-12,80.0
2024-03-13,80.0
2024-03-14,80.0
2024-03-15,80.0
2024-03-18,80.0
2024-03-19,80.0
2024-03-20,80.0
2024-03-21,80.0
2024-03-22,80.0
2024-03-25,80.0
2024-03-26,80.0
2024-03-27,80.0
2024-04-03,80.0
2024-04-04,80.0
2024-04-05,80.0
2024-04-08,80.0
2024-04-09,80.0
